# procedural stylized tree (vertex colors: v x y z r g b)
mtllib sample_tree.mtl
v 0.00000 0.00113 -0.08999 1.0000 1.0000 1.0000
v -0.07036 -0.00033 -0.05612 1.0000 1.0000 1.0000
v -0.07544 0.66505 -0.04399 1.0000 1.0000 1.0000
v -0.00979 0.66672 -0.07561 1.0000 1.0000 1.0000
v -0.07036 -0.00033 -0.05612 1.0000 1.0000 1.0000
v -0.08773 -0.00154 0.02001 1.0000 1.0000 1.0000
v -0.09166 0.66459 0.02708 1.0000 1.0000 1.0000
v -0.07544 0.66505 -0.04399 1.0000 1.0000 1.0000
v -0.08773 -0.00154 0.02001 1.0000 1.0000 1.0000
v -0.03905 -0.00159 0.08107 1.0000 1.0000 1.0000
v -0.04622 0.66570 0.08407 1.0000 1.0000 1.0000
v -0.09166 0.66459 0.02708 1.0000 1.0000 1.0000
v -0.03905 -0.00159 0.08107 1.0000 1.0000 1.0000
v 0.03905 -0.00045 0.08109 1.0000 1.0000 1.0000
v 0.02665 0.66753 0.08407 1.0000 1.0000 1.0000
v -0.04622 0.66570 0.08407 1.0000 1.0000 1.0000
v 0.03905 -0.00045 0.08109 1.0000 1.0000 1.0000
v 0.08773 0.00104 0.02004 1.0000 1.0000 1.0000
v 0.07208 0.66871 0.02708 1.0000 1.0000 1.0000
v 0.02665 0.66753 0.08407 1.0000 1.0000 1.0000
v 0.08773 0.00104 0.02004 1.0000 1.0000 1.0000
v 0.07036 0.00174 -0.05610 1.0000 1.0000 1.0000
v 0.05587 0.66835 -0.04399 1.0000 1.0000 1.0000
v 0.07208 0.66871 0.02708 1.0000 1.0000 1.0000
v 0.07036 0.00174 -0.05610 1.0000 1.0000 1.0000
v 0.00000 0.00113 -0.08999 1.0000 1.0000 1.0000
v -0.00979 0.66672 -0.07561 1.0000 1.0000 1.0000
v 0.05587 0.66835 -0.04399 1.0000 1.0000 1.0000
v -0.00979 0.66672 -0.07561 1.0000 1.0000 1.0000
v -0.07544 0.66505 -0.04399 1.0000 1.0000 1.0000
v -0.09448 1.32992 -0.04764 1.0000 1.0000 1.0000
v -0.03354 1.33139 -0.07705 1.0000 1.0000 1.0000
v -0.07544 0.66505 -0.04399 1.0000 1.0000 1.0000
v -0.09166 0.66459 0.02708 1.0000 1.0000 1.0000
v -0.10954 1.33101 0.01834 1.0000 1.0000 1.0000
v -0.09448 1.32992 -0.04764 1.0000 1.0000 1.0000
v -0.09166 0.66459 0.02708 1.0000 1.0000 1.0000
v -0.04622 0.66570 0.08407 1.0000 1.0000 1.0000
v -0.06736 1.33386 0.07121 1.0000 1.0000 1.0000
v -0.10954 1.33101 0.01834 1.0000 1.0000 1.0000
v -0.04622 0.66570 0.08407 1.0000 1.0000 1.0000
v 0.02665 0.66753 0.08407 1.0000 1.0000 1.0000
v 0.00028 1.33630 0.07115 1.0000 1.0000 1.0000
v -0.06736 1.33386 0.07121 1.0000 1.0000 1.0000
v 0.02665 0.66753 0.08407 1.0000 1.0000 1.0000
v 0.07208 0.66871 0.02708 1.0000 1.0000 1.0000
v 0.04245 1.33652 0.01821 1.0000 1.0000 1.0000
v 0.00028 1.33630 0.07115 1.0000 1.0000 1.0000
v 0.07208 0.66871 0.02708 1.0000 1.0000 1.0000
v 0.05587 0.66835 -0.04399 1.0000 1.0000 1.0000
v 0.02740 1.33433 -0.04775 1.0000 1.0000 1.0000
v 0.04245 1.33652 0.01821 1.0000 1.0000 1.0000
v 0.05587 0.66835 -0.04399 1.0000 1.0000 1.0000
v -0.00979 0.66672 -0.07561 1.0000 1.0000 1.0000
v -0.03354 1.33139 -0.07705 1.0000 1.0000 1.0000
v 0.02740 1.33433 -0.04775 1.0000 1.0000 1.0000
v -0.03354 1.33139 -0.07705 1.0000 1.0000 1.0000
v -0.09448 1.32992 -0.04764 1.0000 1.0000 1.0000
v -0.11438 1.99718 -0.06959 1.0000 1.0000 1.0000
v -0.05810 1.99739 -0.09672 1.0000 1.0000 1.0000
v -0.09448 1.32992 -0.04764 1.0000 1.0000 1.0000
v -0.10954 1.33101 0.01834 1.0000 1.0000 1.0000
v -0.12828 1.99910 -0.00871 1.0000 1.0000 1.0000
v -0.11438 1.99718 -0.06959 1.0000 1.0000 1.0000
v -0.10954 1.33101 0.01834 1.0000 1.0000 1.0000
v -0.06736 1.33386 0.07121 1.0000 1.0000 1.0000
v -0.08933 2.00169 0.04008 1.0000 1.0000 1.0000
v -0.12828 1.99910 -0.00871 1.0000 1.0000 1.0000
v -0.06736 1.33386 0.07121 1.0000 1.0000 1.0000
v 0.00028 1.33630 0.07115 1.0000 1.0000 1.0000
v -0.02686 2.00302 0.04003 1.0000 1.0000 1.0000
v -0.08933 2.00169 0.04008 1.0000 1.0000 1.0000
v 0.00028 1.33630 0.07115 1.0000 1.0000 1.0000
v 0.04245 1.33652 0.01821 1.0000 1.0000 1.0000
v 0.01208 2.00207 -0.00881 1.0000 1.0000 1.0000
v -0.02686 2.00302 0.04003 1.0000 1.0000 1.0000
v 0.04245 1.33652 0.01821 1.0000 1.0000 1.0000
v 0.02740 1.33433 -0.04775 1.0000 1.0000 1.0000
v -0.00182 1.99956 -0.06968 1.0000 1.0000 1.0000
v 0.01208 2.00207 -0.00881 1.0000 1.0000 1.0000
v 0.02740 1.33433 -0.04775 1.0000 1.0000 1.0000
v -0.03354 1.33139 -0.07705 1.0000 1.0000 1.0000
v -0.05810 1.99739 -0.09672 1.0000 1.0000 1.0000
v -0.00182 1.99956 -0.06968 1.0000 1.0000 1.0000
v -0.05810 1.99739 -0.09672 1.0000 1.0000 1.0000
v -0.11438 1.99718 -0.06959 1.0000 1.0000 1.0000
v -0.11338 2.66502 -0.08863 1.0000 1.0000 1.0000
v -0.06178 2.66451 -0.11347 1.0000 1.0000 1.0000
v -0.11438 1.99718 -0.06959 1.0000 1.0000 1.0000
v -0.12828 1.99910 -0.00871 1.0000 1.0000 1.0000
v -0.12613 2.66677 -0.03282 1.0000 1.0000 1.0000
v -0.11338 2.66502 -0.08863 1.0000 1.0000 1.0000
v -0.12828 1.99910 -0.00871 1.0000 1.0000 1.0000
v -0.08933 2.00169 0.04008 1.0000 1.0000 1.0000
v -0.09042 2.66844 0.01193 1.0000 1.0000 1.0000
v -0.12613 2.66677 -0.03282 1.0000 1.0000 1.0000
v -0.08933 2.00169 0.04008 1.0000 1.0000 1.0000
v -0.02686 2.00302 0.04003 1.0000 1.0000 1.0000
v -0.03315 2.66878 0.01192 1.0000 1.0000 1.0000
v -0.09042 2.66844 0.01193 1.0000 1.0000 1.0000
v -0.02686 2.00302 0.04003 1.0000 1.0000 1.0000
v 0.01208 2.00207 -0.00881 1.0000 1.0000 1.0000
v 0.00256 2.66753 -0.03284 1.0000 1.0000 1.0000
v -0.03315 2.66878 0.01192 1.0000 1.0000 1.0000
v 0.01208 2.00207 -0.00881 1.0000 1.0000 1.0000
v -0.00182 1.99956 -0.06968 1.0000 1.0000 1.0000
v -0.01018 2.66563 -0.08865 1.0000 1.0000 1.0000
v 0.00256 2.66753 -0.03284 1.0000 1.0000 1.0000
v -0.00182 1.99956 -0.06968 1.0000 1.0000 1.0000
v -0.05810 1.99739 -0.09672 1.0000 1.0000 1.0000
v -0.06178 2.66451 -0.11347 1.0000 1.0000 1.0000
v -0.01018 2.66563 -0.08865 1.0000 1.0000 1.0000
v -0.06178 2.66451 -0.11347 1.0000 1.0000 1.0000
v -0.11338 2.66502 -0.08863 1.0000 1.0000 1.0000
v -0.11288 3.33276 -0.10582 1.0000 1.0000 1.0000
v -0.06598 3.33351 -0.12841 1.0000 1.0000 1.0000
v -0.11338 2.66502 -0.08863 1.0000 1.0000 1.0000
v -0.12613 2.66677 -0.03282 1.0000 1.0000 1.0000
v -0.12447 3.33244 -0.05506 1.0000 1.0000 1.0000
v -0.11288 3.33276 -0.10582 1.0000 1.0000 1.0000
v -0.12613 2.66677 -0.03282 1.0000 1.0000 1.0000
v -0.09042 2.66844 0.01193 1.0000 1.0000 1.0000
v -0.09201 3.33279 -0.01435 1.0000 1.0000 1.0000
v -0.12447 3.33244 -0.05506 1.0000 1.0000 1.0000
v -0.09042 2.66844 0.01193 1.0000 1.0000 1.0000
v -0.03315 2.66878 0.01192 1.0000 1.0000 1.0000
v -0.03995 3.33355 -0.01435 1.0000 1.0000 1.0000
v -0.09201 3.33279 -0.01435 1.0000 1.0000 1.0000
v -0.03315 2.66878 0.01192 1.0000 1.0000 1.0000
v 0.00256 2.66753 -0.03284 1.0000 1.0000 1.0000
v -0.00749 3.33415 -0.05506 1.0000 1.0000 1.0000
v -0.03995 3.33355 -0.01435 1.0000 1.0000 1.0000
v 0.00256 2.66753 -0.03284 1.0000 1.0000 1.0000
v -0.01018 2.66563 -0.08865 1.0000 1.0000 1.0000
v -0.01907 3.33413 -0.10582 1.0000 1.0000 1.0000
v -0.00749 3.33415 -0.05506 1.0000 1.0000 1.0000
v -0.01018 2.66563 -0.08865 1.0000 1.0000 1.0000
v -0.06178 2.66451 -0.11347 1.0000 1.0000 1.0000
v -0.06598 3.33351 -0.12841 1.0000 1.0000 1.0000
v -0.01907 3.33413 -0.10582 1.0000 1.0000 1.0000
v -0.06598 3.33351 -0.12841 1.0000 1.0000 1.0000
v -0.11288 3.33276 -0.10582 1.0000 1.0000 1.0000
v -0.12357 4.00094 -0.07719 1.0000 1.0000 1.0000
v -0.08135 4.00208 -0.09750 1.0000 1.0000 1.0000
v -0.11288 3.33276 -0.10582 1.0000 1.0000 1.0000
v -0.12447 3.33244 -0.05506 1.0000 1.0000 1.0000
v -0.13400 3.99910 -0.03155 1.0000 1.0000 1.0000
v -0.12357 4.00094 -0.07719 1.0000 1.0000 1.0000
v -0.12447 3.33244 -0.05506 1.0000 1.0000 1.0000
v -0.09201 3.33279 -0.01435 1.0000 1.0000 1.0000
v -0.10478 3.99793 0.00507 1.0000 1.0000 1.0000
v -0.13400 3.99910 -0.03155 1.0000 1.0000 1.0000
v -0.09201 3.33279 -0.01435 1.0000 1.0000 1.0000
v -0.03995 3.33355 -0.01435 1.0000 1.0000 1.0000
v -0.05792 3.99832 0.00509 1.0000 1.0000 1.0000
v -0.10478 3.99793 0.00507 1.0000 1.0000 1.0000
v -0.03995 3.33355 -0.01435 1.0000 1.0000 1.0000
v -0.00749 3.33415 -0.05506 1.0000 1.0000 1.0000
v -0.02871 3.99998 -0.03151 1.0000 1.0000 1.0000
v -0.05792 3.99832 0.00509 1.0000 1.0000 1.0000
v -0.00749 3.33415 -0.05506 1.0000 1.0000 1.0000
v -0.01907 3.33413 -0.10582 1.0000 1.0000 1.0000
v -0.03913 4.00165 -0.07717 1.0000 1.0000 1.0000
v -0.02871 3.99998 -0.03151 1.0000 1.0000 1.0000
v -0.01907 3.33413 -0.10582 1.0000 1.0000 1.0000
v -0.06598 3.33351 -0.12841 1.0000 1.0000 1.0000
v -0.08135 4.00208 -0.09750 1.0000 1.0000 1.0000
v -0.03913 4.00165 -0.07717 1.0000 1.0000 1.0000
v -0.08135 4.00208 -0.09750 1.0000 1.0000 1.0000
v -0.12357 4.00094 -0.07719 1.0000 1.0000 1.0000
v -0.11459 4.66641 -0.04701 1.0000 1.0000 1.0000
v -0.07707 4.66720 -0.06507 1.0000 1.0000 1.0000
v -0.12357 4.00094 -0.07719 1.0000 1.0000 1.0000
v -0.13400 3.99910 -0.03155 1.0000 1.0000 1.0000
v -0.12386 4.66581 -0.00641 1.0000 1.0000 1.0000
v -0.11459 4.66641 -0.04701 1.0000 1.0000 1.0000
v -0.13400 3.99910 -0.03155 1.0000 1.0000 1.0000
v -0.10478 3.99793 0.00507 1.0000 1.0000 1.0000
v -0.09789 4.66586 0.02616 1.0000 1.0000 1.0000
v -0.12386 4.66581 -0.00641 1.0000 1.0000 1.0000
v -0.10478 3.99793 0.00507 1.0000 1.0000 1.0000
v -0.05792 3.99832 0.00509 1.0000 1.0000 1.0000
v -0.05624 4.66651 0.02617 1.0000 1.0000 1.0000
v -0.09789 4.66586 0.02616 1.0000 1.0000 1.0000
v -0.05792 3.99832 0.00509 1.0000 1.0000 1.0000
v -0.02871 3.99998 -0.03151 1.0000 1.0000 1.0000
v -0.03028 4.66728 -0.00639 1.0000 1.0000 1.0000
v -0.05624 4.66651 0.02617 1.0000 1.0000 1.0000
v -0.02871 3.99998 -0.03151 1.0000 1.0000 1.0000
v -0.03913 4.00165 -0.07717 1.0000 1.0000 1.0000
v -0.03954 4.66759 -0.04700 1.0000 1.0000 1.0000
v -0.03028 4.66728 -0.00639 1.0000 1.0000 1.0000
v -0.03913 4.00165 -0.07717 1.0000 1.0000 1.0000
v -0.08135 4.00208 -0.09750 1.0000 1.0000 1.0000
v -0.07707 4.66720 -0.06507 1.0000 1.0000 1.0000
v -0.03954 4.66759 -0.04700 1.0000 1.0000 1.0000
v -0.07707 4.66720 -0.06507 1.0000 1.0000 1.0000
v -0.11459 4.66641 -0.04701 1.0000 1.0000 1.0000
v -0.13508 5.33179 -0.05493 1.0000 1.0000 1.0000
v -0.10226 5.33263 -0.07076 1.0000 1.0000 1.0000
v -0.11459 4.66641 -0.04701 1.0000 1.0000 1.0000
v -0.12386 4.66581 -0.00641 1.0000 1.0000 1.0000
v -0.14318 5.33211 -0.01940 1.0000 1.0000 1.0000
v -0.13508 5.33179 -0.05493 1.0000 1.0000 1.0000
v -0.12386 4.66581 -0.00641 1.0000 1.0000 1.0000
v -0.09789 4.66586 0.02616 1.0000 1.0000 1.0000
v -0.12047 5.33335 0.00908 1.0000 1.0000 1.0000
v -0.14318 5.33211 -0.01940 1.0000 1.0000 1.0000
v -0.09789 4.66586 0.02616 1.0000 1.0000 1.0000
v -0.05624 4.66651 0.02617 1.0000 1.0000 1.0000
v -0.08405 5.33458 0.00906 1.0000 1.0000 1.0000
v -0.12047 5.33335 0.00908 1.0000 1.0000 1.0000
v -0.05624 4.66651 0.02617 1.0000 1.0000 1.0000
v -0.03028 4.66728 -0.00639 1.0000 1.0000 1.0000
v -0.06133 5.33487 -0.01944 1.0000 1.0000 1.0000
v -0.08405 5.33458 0.00906 1.0000 1.0000 1.0000
v -0.03028 4.66728 -0.00639 1.0000 1.0000 1.0000
v -0.03954 4.66759 -0.04700 1.0000 1.0000 1.0000
v -0.06944 5.33400 -0.05497 1.0000 1.0000 1.0000
v -0.06133 5.33487 -0.01944 1.0000 1.0000 1.0000
v -0.03954 4.66759 -0.04700 1.0000 1.0000 1.0000
v -0.07707 4.66720 -0.06507 1.0000 1.0000 1.0000
v -0.10226 5.33263 -0.07076 1.0000 1.0000 1.0000
v -0.06944 5.33400 -0.05497 1.0000 1.0000 1.0000
v -0.10226 5.33263 -0.07076 1.0000 1.0000 1.0000
v -0.13508 5.33179 -0.05493 1.0000 1.0000 1.0000
v -0.15016 5.99881 -0.06184 1.0000 1.0000 1.0000
v -0.12202 5.99943 -0.07540 1.0000 1.0000 1.0000
v -0.13508 5.33179 -0.05493 1.0000 1.0000 1.0000
v -0.14318 5.33211 -0.01940 1.0000 1.0000 1.0000
v -0.15710 5.99909 -0.03138 1.0000 1.0000 1.0000
v -0.15016 5.99881 -0.06184 1.0000 1.0000 1.0000
v -0.14318 5.33211 -0.01940 1.0000 1.0000 1.0000
v -0.12047 5.33335 0.00908 1.0000 1.0000 1.0000
v -0.13763 6.00005 -0.00697 1.0000 1.0000 1.0000
v -0.15710 5.99909 -0.03138 1.0000 1.0000 1.0000
v -0.12047 5.33335 0.00908 1.0000 1.0000 1.0000
v -0.08405 5.33458 0.00906 1.0000 1.0000 1.0000
v -0.10641 6.00098 -0.00698 1.0000 1.0000 1.0000
v -0.13763 6.00005 -0.00697 1.0000 1.0000 1.0000
v -0.08405 5.33458 0.00906 1.0000 1.0000 1.0000
v -0.06133 5.33487 -0.01944 1.0000 1.0000 1.0000
v -0.08694 6.00117 -0.03141 1.0000 1.0000 1.0000
v -0.10641 6.00098 -0.00698 1.0000 1.0000 1.0000
v -0.06133 5.33487 -0.01944 1.0000 1.0000 1.0000
v -0.06944 5.33400 -0.05497 1.0000 1.0000 1.0000
v -0.09389 6.00048 -0.06186 1.0000 1.0000 1.0000
v -0.08694 6.00117 -0.03141 1.0000 1.0000 1.0000
v -0.06944 5.33400 -0.05497 1.0000 1.0000 1.0000
v -0.10226 5.33263 -0.07076 1.0000 1.0000 1.0000
v -0.12202 5.99943 -0.07540 1.0000 1.0000 1.0000
v -0.09389 6.00048 -0.06186 1.0000 1.0000 1.0000
v -0.11035 4.00000 -0.04997 1.0000 1.0000 1.0000
v -0.09407 3.97773 -0.02857 1.0000 1.0000 1.0000
v -0.21223 4.42699 0.52032 1.0000 1.0000 1.0000
v -0.22382 4.44204 0.50637 1.0000 1.0000 1.0000
v -0.09407 3.97773 -0.02857 1.0000 1.0000 1.0000
v -0.06022 3.98623 -0.02785 1.0000 1.0000 1.0000
v -0.18938 4.43274 0.51985 1.0000 1.0000 1.0000
v -0.21223 4.42699 0.52032 1.0000 1.0000 1.0000
v -0.06022 3.98623 -0.02785 1.0000 1.0000 1.0000
v -0.05557 4.01377 -0.04881 1.0000 1.0000 1.0000
v -0.18685 4.45134 0.50560 1.0000 1.0000 1.0000
v -0.18938 4.43274 0.51985 1.0000 1.0000 1.0000
v -0.05557 4.01377 -0.04881 1.0000 1.0000 1.0000
v -0.08655 4.02227 -0.06248 1.0000 1.0000 1.0000
v -0.20813 4.45709 0.49727 1.0000 1.0000 1.0000
v -0.18685 4.45134 0.50560 1.0000 1.0000 1.0000
v -0.08655 4.02227 -0.06248 1.0000 1.0000 1.0000
v -0.11035 4.00000 -0.04997 1.0000 1.0000 1.0000
v -0.22382 4.44204 0.50637 1.0000 1.0000 1.0000
v -0.20813 4.45709 0.49727 1.0000 1.0000 1.0000
v -0.22382 4.44204 0.50637 1.0000 1.0000 1.0000
v -0.21223 4.42699 0.52032 1.0000 1.0000 1.0000
v -0.28405 4.87447 1.07861 1.0000 1.0000 1.0000
v -0.29036 4.88229 1.07165 1.0000 1.0000 1.0000
v -0.21223 4.42699 0.52032 1.0000 1.0000 1.0000
v -0.18938 4.43274 0.51985 1.0000 1.0000 1.0000
v -0.27222 4.87746 1.07787 1.0000 1.0000 1.0000
v -0.28405 4.87447 1.07861 1.0000 1.0000 1.0000
v -0.18938 4.43274 0.51985 1.0000 1.0000 1.0000
v -0.18685 4.45134 0.50560 1.0000 1.0000 1.0000
v -0.27122 4.88712 1.07046 1.0000 1.0000 1.0000
v -0.27222 4.87746 1.07787 1.0000 1.0000 1.0000
v -0.18685 4.45134 0.50560 1.0000 1.0000 1.0000
v -0.20813 4.45709 0.49727 1.0000 1.0000 1.0000
v -0.28243 4.89010 1.06661 1.0000 1.0000 1.0000
v -0.27122 4.88712 1.07046 1.0000 1.0000 1.0000
v -0.20813 4.45709 0.49727 1.0000 1.0000 1.0000
v -0.22382 4.44204 0.50637 1.0000 1.0000 1.0000
v -0.29036 4.88229 1.07165 1.0000 1.0000 1.0000
v -0.28243 4.89010 1.06661 1.0000 1.0000 1.0000
v -0.21361 4.44204 0.51544 1.0000 1.0000 1.0000
v -0.20360 4.43405 0.51747 1.0000 1.0000 1.0000
v -0.11057 4.59191 0.67565 1.0000 1.0000 1.0000
v -0.11944 4.59846 0.67378 1.0000 1.0000 1.0000
v -0.20360 4.43405 0.51747 1.0000 1.0000 1.0000
v -0.19426 4.43710 0.50901 1.0000 1.0000 1.0000
v -0.10276 4.59442 0.66804 1.0000 1.0000 1.0000
v -0.11057 4.59191 0.67565 1.0000 1.0000 1.0000
v -0.19426 4.43710 0.50901 1.0000 1.0000 1.0000
v -0.19849 4.44698 0.50176 1.0000 1.0000 1.0000
v -0.10681 4.60251 0.66147 1.0000 1.0000 1.0000
v -0.10276 4.59442 0.66804 1.0000 1.0000 1.0000
v -0.19849 4.44698 0.50176 1.0000 1.0000 1.0000
v -0.21045 4.45003 0.50573 1.0000 1.0000 1.0000
v -0.11712 4.60501 0.66502 1.0000 1.0000 1.0000
v -0.10681 4.60251 0.66147 1.0000 1.0000 1.0000
v -0.21045 4.45003 0.50573 1.0000 1.0000 1.0000
v -0.21361 4.44204 0.51544 1.0000 1.0000 1.0000
v -0.11944 4.59846 0.67378 1.0000 1.0000 1.0000
v -0.11712 4.60501 0.66502 1.0000 1.0000 1.0000
v -0.11944 4.59846 0.67378 1.0000 1.0000 1.0000
v -0.11057 4.59191 0.67565 1.0000 1.0000 1.0000
v -0.02010 4.76945 0.81310 1.0000 1.0000 1.0000
v -0.02776 4.77465 0.81147 1.0000 1.0000 1.0000
v -0.11057 4.59191 0.67565 1.0000 1.0000 1.0000
v -0.10276 4.59442 0.66804 1.0000 1.0000 1.0000
v -0.01377 4.77144 0.80643 1.0000 1.0000 1.0000
v -0.02010 4.76945 0.81310 1.0000 1.0000 1.0000
v -0.10276 4.59442 0.66804 1.0000 1.0000 1.0000
v -0.10681 4.60251 0.66147 1.0000 1.0000 1.0000
v -0.01752 4.77787 0.80069 1.0000 1.0000 1.0000
v -0.01377 4.77144 0.80643 1.0000 1.0000 1.0000
v -0.10681 4.60251 0.66147 1.0000 1.0000 1.0000
v -0.11712 4.60501 0.66502 1.0000 1.0000 1.0000
v -0.02617 4.77986 0.80380 1.0000 1.0000 1.0000
v -0.01752 4.77787 0.80069 1.0000 1.0000 1.0000
v -0.11712 4.60501 0.66502 1.0000 1.0000 1.0000
v -0.11944 4.59846 0.67378 1.0000 1.0000 1.0000
v -0.02776 4.77465 0.81147 1.0000 1.0000 1.0000
v -0.02617 4.77986 0.80380 1.0000 1.0000 1.0000
v -0.11047 4.59846 0.67395 1.0000 1.0000 1.0000
v -0.10656 4.59650 0.66962 1.0000 1.0000 1.0000
v -0.07064 4.67769 0.66383 1.0000 1.0000 1.0000
v -0.07543 4.68020 0.66942 1.0000 1.0000 1.0000
v -0.10656 4.59650 0.66962 1.0000 1.0000 1.0000
v -0.10926 4.59725 0.66415 1.0000 1.0000 1.0000
v -0.07421 4.67865 0.65699 1.0000 1.0000 1.0000
v -0.07064 4.67769 0.66383 1.0000 1.0000 1.0000
v -0.10926 4.59725 0.66415 1.0000 1.0000 1.0000
v -0.11483 4.59968 0.66509 1.0000 1.0000 1.0000
v -0.08122 4.68175 0.65835 1.0000 1.0000 1.0000
v -0.07421 4.67865 0.65699 1.0000 1.0000 1.0000
v -0.11483 4.59968 0.66509 1.0000 1.0000 1.0000
v -0.11558 4.60043 0.67115 1.0000 1.0000 1.0000
v -0.08197 4.68271 0.66603 1.0000 1.0000 1.0000
v -0.08122 4.68175 0.65835 1.0000 1.0000 1.0000
v -0.11558 4.60043 0.67115 1.0000 1.0000 1.0000
v -0.11047 4.59846 0.67395 1.0000 1.0000 1.0000
v -0.07543 4.68020 0.66942 1.0000 1.0000 1.0000
v -0.08197 4.68271 0.66603 1.0000 1.0000 1.0000
v -0.07543 4.68020 0.66942 1.0000 1.0000 1.0000
v -0.07064 4.67769 0.66383 1.0000 1.0000 1.0000
v -0.03441 4.75860 0.65620 1.0000 1.0000 1.0000
v -0.04003 4.76166 0.66309 1.0000 1.0000 1.0000
v -0.07064 4.67769 0.66383 1.0000 1.0000 1.0000
v -0.07421 4.67865 0.65699 1.0000 1.0000 1.0000
v -0.03892 4.75977 0.64803 1.0000 1.0000 1.0000
v -0.03441 4.75860 0.65620 1.0000 1.0000 1.0000
v -0.07421 4.67865 0.65699 1.0000 1.0000 1.0000
v -0.08122 4.68175 0.65835 1.0000 1.0000 1.0000
v -0.04733 4.76355 0.64987 1.0000 1.0000 1.0000
v -0.03892 4.75977 0.64803 1.0000 1.0000 1.0000
v -0.08122 4.68175 0.65835 1.0000 1.0000 1.0000
v -0.08197 4.68271 0.66603 1.0000 1.0000 1.0000
v -0.04802 4.76472 0.65918 1.0000 1.0000 1.0000
v -0.04733 4.76355 0.64987 1.0000 1.0000 1.0000
v -0.08197 4.68271 0.66603 1.0000 1.0000 1.0000
v -0.07543 4.68020 0.66942 1.0000 1.0000 1.0000
v -0.04003 4.76166 0.66309 1.0000 1.0000 1.0000
v -0.04802 4.76472 0.65918 1.0000 1.0000 1.0000
v -0.11606 4.59846 0.67105 1.0000 1.0000 1.0000
v -0.11365 4.59389 0.66772 1.0000 1.0000 1.0000
v -0.07877 4.55740 0.74149 1.0000 1.0000 1.0000
v -0.08178 4.56318 0.74573 1.0000 1.0000 1.0000
v -0.11365 4.59389 0.66772 1.0000 1.0000 1.0000
v -0.10805 4.59564 0.66587 1.0000 1.0000 1.0000
v -0.07171 4.55961 0.73909 1.0000 1.0000 1.0000
v -0.07877 4.55740 0.74149 1.0000 1.0000 1.0000
v -0.10805 4.59564 0.66587 1.0000 1.0000 1.0000
v -0.10700 4.60129 0.66806 1.0000 1.0000 1.0000
v -0.07036 4.56676 0.74185 1.0000 1.0000 1.0000
v -0.07171 4.55961 0.73909 1.0000 1.0000 1.0000
v -0.10700 4.60129 0.66806 1.0000 1.0000 1.0000
v -0.11195 4.60304 0.67126 1.0000 1.0000 1.0000
v -0.07658 4.56896 0.74596 1.0000 1.0000 1.0000
v -0.07036 4.56676 0.74185 1.0000 1.0000 1.0000
v -0.11195 4.60304 0.67126 1.0000 1.0000 1.0000
v -0.11606 4.59846 0.67105 1.0000 1.0000 1.0000
v -0.08178 4.56318 0.74573 1.0000 1.0000 1.0000
v -0.07658 4.56896 0.74596 1.0000 1.0000 1.0000
v -0.08178 4.56318 0.74573 1.0000 1.0000 1.0000
v -0.07877 4.55740 0.74149 1.0000 1.0000 1.0000
v -0.04275 4.52080 0.81464 1.0000 1.0000 1.0000
v -0.04635 4.52778 0.81981 1.0000 1.0000 1.0000
v -0.07877 4.55740 0.74149 1.0000 1.0000 1.0000
v -0.07171 4.55961 0.73909 1.0000 1.0000 1.0000
v -0.03423 4.52346 0.81168 1.0000 1.0000 1.0000
v -0.04275 4.52080 0.81464 1.0000 1.0000 1.0000
v -0.07171 4.55961 0.73909 1.0000 1.0000 1.0000
v -0.07036 4.56676 0.74185 1.0000 1.0000 1.0000
v -0.03257 4.53210 0.81501 1.0000 1.0000 1.0000
v -0.03423 4.52346 0.81168 1.0000 1.0000 1.0000
v -0.07036 4.56676 0.74185 1.0000 1.0000 1.0000
v -0.07658 4.56896 0.74596 1.0000 1.0000 1.0000
v -0.04006 4.53477 0.82004 1.0000 1.0000 1.0000
v -0.03257 4.53210 0.81501 1.0000 1.0000 1.0000
v -0.07658 4.56896 0.74596 1.0000 1.0000 1.0000
v -0.08178 4.56318 0.74573 1.0000 1.0000 1.0000
v -0.04635 4.52778 0.81981 1.0000 1.0000 1.0000
v -0.04006 4.53477 0.82004 1.0000 1.0000 1.0000
v -0.21420 4.44204 0.50550 1.0000 1.0000 1.0000
v -0.20612 4.43192 0.50600 1.0000 1.0000 1.0000
v -0.32615 4.35085 0.78452 1.0000 1.0000 1.0000
v -0.33297 4.35967 0.78366 1.0000 1.0000 1.0000
v -0.20612 4.43192 0.50600 1.0000 1.0000 1.0000
v -0.19522 4.43579 0.51187 1.0000 1.0000 1.0000
v -0.31677 4.35422 0.78958 1.0000 1.0000 1.0000
v -0.32615 4.35085 0.78452 1.0000 1.0000 1.0000
v -0.19522 4.43579 0.51187 1.0000 1.0000 1.0000
v -0.19657 4.44829 0.51499 1.0000 1.0000 1.0000
v -0.31779 4.36512 0.79185 1.0000 1.0000 1.0000
v -0.31677 4.35422 0.78958 1.0000 1.0000 1.0000
v -0.19657 4.44829 0.51499 1.0000 1.0000 1.0000
v -0.20830 4.45216 0.51106 1.0000 1.0000 1.0000
v -0.32780 4.36849 0.78819 1.0000 1.0000 1.0000
v -0.31779 4.36512 0.79185 1.0000 1.0000 1.0000
v -0.20830 4.45216 0.51106 1.0000 1.0000 1.0000
v -0.21420 4.44204 0.50550 1.0000 1.0000 1.0000
v -0.33297 4.35967 0.78366 1.0000 1.0000 1.0000
v -0.32780 4.36849 0.78819 1.0000 1.0000 1.0000
v -0.33297 4.35967 0.78366 1.0000 1.0000 1.0000
v -0.32615 4.35085 0.78452 1.0000 1.0000 1.0000
v -0.45626 4.29514 1.06474 1.0000 1.0000 1.0000
v -0.46185 4.30262 1.06366 1.0000 1.0000 1.0000
v -0.32615 4.35085 0.78452 1.0000 1.0000 1.0000
v -0.31677 4.35422 0.78958 1.0000 1.0000 1.0000
v -0.44837 4.29799 1.06900 1.0000 1.0000 1.0000
v -0.45626 4.29514 1.06474 1.0000 1.0000 1.0000
v -0.31677 4.35422 0.78958 1.0000 1.0000 1.0000
v -0.31779 4.36512 0.79185 1.0000 1.0000 1.0000
v -0.44910 4.30724 1.07055 1.0000 1.0000 1.0000
v -0.44837 4.29799 1.06900 1.0000 1.0000 1.0000
v -0.31779 4.36512 0.79185 1.0000 1.0000 1.0000
v -0.32780 4.36849 0.78819 1.0000 1.0000 1.0000
v -0.45743 4.31010 1.06725 1.0000 1.0000 1.0000
v -0.44910 4.30724 1.07055 1.0000 1.0000 1.0000
v -0.32780 4.36849 0.78819 1.0000 1.0000 1.0000
v -0.33297 4.35967 0.78366 1.0000 1.0000 1.0000
v -0.46185 4.30262 1.06366 1.0000 1.0000 1.0000
v -0.45743 4.31010 1.06725 1.0000 1.0000 1.0000
v -0.32398 4.35967 0.78234 1.0000 1.0000 1.0000
v -0.32016 4.35677 0.78620 1.0000 1.0000 1.0000
v -0.40066 4.24177 0.78085 1.0000 1.0000 1.0000
v -0.40538 4.24551 0.77593 1.0000 1.0000 1.0000
v -0.32016 4.35677 0.78620 1.0000 1.0000 1.0000
v -0.32206 4.35788 0.79194 1.0000 1.0000 1.0000
v -0.40311 4.24320 0.78809 1.0000 1.0000 1.0000
v -0.40066 4.24177 0.78085 1.0000 1.0000 1.0000
v -0.32206 4.35788 0.79194 1.0000 1.0000 1.0000
v -0.32705 4.36146 0.79163 1.0000 1.0000 1.0000
v -0.40935 4.24782 0.78765 1.0000 1.0000 1.0000
v -0.40311 4.24320 0.78809 1.0000 1.0000 1.0000
v -0.32705 4.36146 0.79163 1.0000 1.0000 1.0000
v -0.32824 4.36256 0.78570 1.0000 1.0000 1.0000
v -0.41076 4.24924 0.78013 1.0000 1.0000 1.0000
v -0.40935 4.24782 0.78765 1.0000 1.0000 1.0000
v -0.32824 4.36256 0.78570 1.0000 1.0000 1.0000
v -0.32398 4.35967 0.78234 1.0000 1.0000 1.0000
v -0.40538 4.24551 0.77593 1.0000 1.0000 1.0000
v -0.41076 4.24924 0.78013 1.0000 1.0000 1.0000
v -0.40538 4.24551 0.77593 1.0000 1.0000 1.0000
v -0.40066 4.24177 0.78085 1.0000 1.0000 1.0000
v -0.48427 4.12912 0.77381 1.0000 1.0000 1.0000
v -0.48987 4.13372 0.76782 1.0000 1.0000 1.0000
v -0.40066 4.24177 0.78085 1.0000 1.0000 1.0000
v -0.40311 4.24320 0.78809 1.0000 1.0000 1.0000
v -0.48729 4.13087 0.78255 1.0000 1.0000 1.0000
v -0.48427 4.12912 0.77381 1.0000 1.0000 1.0000
v -0.40311 4.24320 0.78809 1.0000 1.0000 1.0000
v -0.40935 4.24782 0.78765 1.0000 1.0000 1.0000
v -0.49475 4.13656 0.78195 1.0000 1.0000 1.0000
v -0.48729 4.13087 0.78255 1.0000 1.0000 1.0000
v -0.40935 4.24782 0.78765 1.0000 1.0000 1.0000
v -0.41076 4.24924 0.78013 1.0000 1.0000 1.0000
v -0.49635 4.13832 0.77285 1.0000 1.0000 1.0000
v -0.49475 4.13656 0.78195 1.0000 1.0000 1.0000
v -0.41076 4.24924 0.78013 1.0000 1.0000 1.0000
v -0.40538 4.24551 0.77593 1.0000 1.0000 1.0000
v -0.48987 4.13372 0.76782 1.0000 1.0000 1.0000
v -0.49635 4.13832 0.77285 1.0000 1.0000 1.0000
v -0.32754 4.35967 0.79167 1.0000 1.0000 1.0000
v -0.32652 4.35494 0.78787 1.0000 1.0000 1.0000
v -0.23125 4.31368 0.86349 1.0000 1.0000 1.0000
v -0.23269 4.31964 0.86828 1.0000 1.0000 1.0000
v -0.32652 4.35494 0.78787 1.0000 1.0000 1.0000
v -0.32243 4.35674 0.78364 1.0000 1.0000 1.0000
v -0.22584 4.31596 0.85839 1.0000 1.0000 1.0000
v -0.23125 4.31368 0.86349 1.0000 1.0000 1.0000
v -0.32243 4.35674 0.78364 1.0000 1.0000 1.0000
v -0.32092 4.36259 0.78483 1.0000 1.0000 1.0000
v -0.22393 4.32332 0.86003 1.0000 1.0000 1.0000
v -0.22584 4.31596 0.85839 1.0000 1.0000 1.0000
v -0.32092 4.36259 0.78483 1.0000 1.0000 1.0000
v -0.32408 4.36440 0.78979 1.0000 1.0000 1.0000
v -0.22817 4.32560 0.86614 1.0000 1.0000 1.0000
v -0.22393 4.32332 0.86003 1.0000 1.0000 1.0000
v -0.32408 4.36440 0.78979 1.0000 1.0000 1.0000
v -0.32754 4.35967 0.79167 1.0000 1.0000 1.0000
v -0.23269 4.31964 0.86828 1.0000 1.0000 1.0000
v -0.22817 4.32560 0.86614 1.0000 1.0000 1.0000
v -0.23269 4.31964 0.86828 1.0000 1.0000 1.0000
v -0.23125 4.31368 0.86349 1.0000 1.0000 1.0000
v -0.14343 4.26959 0.94620 1.0000 1.0000 1.0000
v -0.14536 4.27677 0.95197 1.0000 1.0000 1.0000
v -0.23125 4.31368 0.86349 1.0000 1.0000 1.0000
v -0.22584 4.31596 0.85839 1.0000 1.0000 1.0000
v -0.13661 4.27233 0.94033 1.0000 1.0000 1.0000
v -0.14343 4.26959 0.94620 1.0000 1.0000 1.0000
v -0.22584 4.31596 0.85839 1.0000 1.0000 1.0000
v -0.22393 4.32332 0.86003 1.0000 1.0000 1.0000
v -0.13432 4.28120 0.94248 1.0000 1.0000 1.0000
v -0.13661 4.27233 0.94033 1.0000 1.0000 1.0000
v -0.22393 4.32332 0.86003 1.0000 1.0000 1.0000
v -0.22817 4.32560 0.86614 1.0000 1.0000 1.0000
v -0.13973 4.28394 0.94967 1.0000 1.0000 1.0000
v -0.13432 4.28120 0.94248 1.0000 1.0000 1.0000
v -0.22817 4.32560 0.86614 1.0000 1.0000 1.0000
v -0.23269 4.31964 0.86828 1.0000 1.0000 1.0000
v -0.14536 4.27677 0.95197 1.0000 1.0000 1.0000
v -0.13973 4.28394 0.94967 1.0000 1.0000 1.0000
v -0.28047 4.88229 1.06734 1.0000 1.0000 1.0000
v -0.28444 4.87891 1.07158 1.0000 1.0000 1.0000
v -0.36491 4.97904 1.07717 1.0000 1.0000 1.0000
v -0.36004 4.98273 1.07191 1.0000 1.0000 1.0000
v -0.28444 4.87891 1.07158 1.0000 1.0000 1.0000
v -0.28236 4.88020 1.07784 1.0000 1.0000 1.0000
v -0.36209 4.98045 1.08459 1.0000 1.0000 1.0000
v -0.36491 4.97904 1.07717 1.0000 1.0000 1.0000
v -0.28236 4.88020 1.07784 1.0000 1.0000 1.0000
v -0.27710 4.88437 1.07747 1.0000 1.0000 1.0000
v -0.35548 4.98501 1.08392 1.0000 1.0000 1.0000
v -0.36209 4.98045 1.08459 1.0000 1.0000 1.0000
v -0.27710 4.88437 1.07747 1.0000 1.0000 1.0000
v -0.27593 4.88566 1.07097 1.0000 1.0000 1.0000
v -0.35421 4.98642 1.07608 1.0000 1.0000 1.0000
v -0.35548 4.98501 1.08392 1.0000 1.0000 1.0000
v -0.27593 4.88566 1.07097 1.0000 1.0000 1.0000
v -0.28047 4.88229 1.06734 1.0000 1.0000 1.0000
v -0.36004 4.98273 1.07191 1.0000 1.0000 1.0000
v -0.35421 4.98642 1.07608 1.0000 1.0000 1.0000
v -0.36004 4.98273 1.07191 1.0000 1.0000 1.0000
v -0.36491 4.97904 1.07717 1.0000 1.0000 1.0000
v -0.43075 5.08913 1.08608 1.0000 1.0000 1.0000
v -0.42501 5.09300 1.07971 1.0000 1.0000 1.0000
v -0.36491 4.97904 1.07717 1.0000 1.0000 1.0000
v -0.36209 4.98045 1.08459 1.0000 1.0000 1.0000
v -0.42705 5.09060 1.09460 1.0000 1.0000 1.0000
v -0.43075 5.08913 1.08608 1.0000 1.0000 1.0000
v -0.36209 4.98045 1.08459 1.0000 1.0000 1.0000
v -0.35548 4.98501 1.08392 1.0000 1.0000 1.0000
v -0.41903 5.09539 1.09349 1.0000 1.0000 1.0000
v -0.42705 5.09060 1.09460 1.0000 1.0000 1.0000
v -0.35548 4.98501 1.08392 1.0000 1.0000 1.0000
v -0.35421 4.98642 1.07608 1.0000 1.0000 1.0000
v -0.41777 5.09687 1.08429 1.0000 1.0000 1.0000
v -0.41903 5.09539 1.09349 1.0000 1.0000 1.0000
v -0.35421 4.98642 1.07608 1.0000 1.0000 1.0000
v -0.36004 4.98273 1.07191 1.0000 1.0000 1.0000
v -0.42501 5.09300 1.07971 1.0000 1.0000 1.0000
v -0.41777 5.09687 1.08429 1.0000 1.0000 1.0000
v -0.04838 3.33333 -0.09632 1.0000 1.0000 1.0000
v -0.07785 3.30954 -0.08795 1.0000 1.0000 1.0000
v -0.56238 3.80959 -0.39051 1.0000 1.0000 1.0000
v -0.53951 3.82834 -0.39749 1.0000 1.0000 1.0000
v -0.07785 3.30954 -0.08795 1.0000 1.0000 1.0000
v -0.09091 3.31863 -0.05257 1.0000 1.0000 1.0000
v -0.57222 3.81675 -0.36266 1.0000 1.0000 1.0000
v -0.56238 3.80959 -0.39051 1.0000 1.0000 1.0000
v -0.09091 3.31863 -0.05257 1.0000 1.0000 1.0000
v -0.06952 3.34804 -0.03908 1.0000 1.0000 1.0000
v -0.55544 3.83992 -0.35244 1.0000 1.0000 1.0000
v -0.57222 3.81675 -0.36266 1.0000 1.0000 1.0000
v -0.06952 3.34804 -0.03908 1.0000 1.0000 1.0000
v -0.04323 3.35713 -0.06612 1.0000 1.0000 1.0000
v -0.53522 3.84709 -0.37396 1.0000 1.0000 1.0000
v -0.55544 3.83992 -0.35244 1.0000 1.0000 1.0000
v -0.04323 3.35713 -0.06612 1.0000 1.0000 1.0000
v -0.04838 3.33333 -0.09632 1.0000 1.0000 1.0000
v -0.53951 3.82834 -0.39749 1.0000 1.0000 1.0000
v -0.53522 3.84709 -0.37396 1.0000 1.0000 1.0000
v -0.53951 3.82834 -0.39749 1.0000 1.0000 1.0000
v -0.56238 3.80959 -0.39051 1.0000 1.0000 1.0000
v -1.06221 4.30190 -0.68125 1.0000 1.0000 1.0000
v -1.04590 4.31547 -0.68701 1.0000 1.0000 1.0000
v -0.56238 3.80959 -0.39051 1.0000 1.0000 1.0000
v -0.57222 3.81675 -0.36266 1.0000 1.0000 1.0000
v -1.06845 4.30708 -0.66082 1.0000 1.0000 1.0000
v -1.06221 4.30190 -0.68125 1.0000 1.0000 1.0000
v -0.57222 3.81675 -0.36266 1.0000 1.0000 1.0000
v -0.55544 3.83992 -0.35244 1.0000 1.0000 1.0000
v -1.05600 4.32385 -0.65396 1.0000 1.0000 1.0000
v -1.06845 4.30708 -0.66082 1.0000 1.0000 1.0000
v -0.55544 3.83992 -0.35244 1.0000 1.0000 1.0000
v -0.53522 3.84709 -0.37396 1.0000 1.0000 1.0000
v -1.04206 4.32903 -0.67015 1.0000 1.0000 1.0000
v -1.05600 4.32385 -0.65396 1.0000 1.0000 1.0000
v -0.53522 3.84709 -0.37396 1.0000 1.0000 1.0000
v -0.53951 3.82834 -0.39749 1.0000 1.0000 1.0000
v -1.04590 4.31547 -0.68701 1.0000 1.0000 1.0000
v -1.04206 4.32903 -0.67015 1.0000 1.0000 1.0000
v -1.04590 4.31547 -0.68701 1.0000 1.0000 1.0000
v -1.06221 4.30190 -0.68125 1.0000 1.0000 1.0000
v -1.57186 4.80156 -0.94093 1.0000 1.0000 1.0000
v -1.56185 4.80989 -0.94474 1.0000 1.0000 1.0000
v -1.06221 4.30190 -0.68125 1.0000 1.0000 1.0000
v -1.06845 4.30708 -0.66082 1.0000 1.0000 1.0000
v -1.57534 4.80474 -0.92819 1.0000 1.0000 1.0000
v -1.57186 4.80156 -0.94093 1.0000 1.0000 1.0000
v -1.06845 4.30708 -0.66082 1.0000 1.0000 1.0000
v -1.05600 4.32385 -0.65396 1.0000 1.0000 1.0000
v -1.56748 4.81504 -0.92415 1.0000 1.0000 1.0000
v -1.57534 4.80474 -0.92819 1.0000 1.0000 1.0000
v -1.05600 4.32385 -0.65396 1.0000 1.0000 1.0000
v -1.04206 4.32903 -0.67015 1.0000 1.0000 1.0000
v -1.55914 4.81823 -0.93437 1.0000 1.0000 1.0000
v -1.56748 4.81504 -0.92415 1.0000 1.0000 1.0000
v -1.04206 4.32903 -0.67015 1.0000 1.0000 1.0000
v -1.04590 4.31547 -0.68701 1.0000 1.0000 1.0000
v -1.56185 4.80989 -0.94474 1.0000 1.0000 1.0000
v -1.55914 4.81823 -0.93437 1.0000 1.0000 1.0000
v -1.04522 4.31547 -0.67405 1.0000 1.0000 1.0000
v -1.05194 4.30568 -0.67172 1.0000 1.0000 1.0000
v -1.14921 4.30772 -0.94724 1.0000 1.0000 1.0000
v -1.14326 4.31641 -0.94939 1.0000 1.0000 1.0000
v -1.05194 4.30568 -0.67172 1.0000 1.0000 1.0000
v -1.06278 4.30942 -0.66790 1.0000 1.0000 1.0000
v -1.15861 4.31104 -0.94321 1.0000 1.0000 1.0000
v -1.14921 4.30772 -0.94724 1.0000 1.0000 1.0000
v -1.06278 4.30942 -0.66790 1.0000 1.0000 1.0000
v -1.06277 4.32151 -0.66786 1.0000 1.0000 1.0000
v -1.15847 4.32178 -0.94288 1.0000 1.0000 1.0000
v -1.15861 4.31104 -0.94321 1.0000 1.0000 1.0000
v -1.06277 4.32151 -0.66786 1.0000 1.0000 1.0000
v -1.05192 4.32525 -0.67166 1.0000 1.0000 1.0000
v -1.14898 4.32510 -0.94669 1.0000 1.0000 1.0000
v -1.15847 4.32178 -0.94288 1.0000 1.0000 1.0000
v -1.05192 4.32525 -0.67166 1.0000 1.0000 1.0000
v -1.04522 4.31547 -0.67405 1.0000 1.0000 1.0000
v -1.14326 4.31641 -0.94939 1.0000 1.0000 1.0000
v -1.14898 4.32510 -0.94669 1.0000 1.0000 1.0000
v -1.14326 4.31641 -0.94939 1.0000 1.0000 1.0000
v -1.14921 4.30772 -0.94724 1.0000 1.0000 1.0000
v -1.27611 4.32764 -1.20967 1.0000 1.0000 1.0000
v -1.27092 4.33523 -1.21163 1.0000 1.0000 1.0000
v -1.14921 4.30772 -0.94724 1.0000 1.0000 1.0000
v -1.15861 4.31104 -0.94321 1.0000 1.0000 1.0000
v -1.28409 4.33054 -1.20562 1.0000 1.0000 1.0000
v -1.27611 4.32764 -1.20967 1.0000 1.0000 1.0000
v -1.15861 4.31104 -0.94321 1.0000 1.0000 1.0000
v -1.15847 4.32178 -0.94288 1.0000 1.0000 1.0000
v -1.28382 4.33992 -1.20508 1.0000 1.0000 1.0000
v -1.28409 4.33054 -1.20562 1.0000 1.0000 1.0000
v -1.15847 4.32178 -0.94288 1.0000 1.0000 1.0000
v -1.14898 4.32510 -0.94669 1.0000 1.0000 1.0000
v -1.27568 4.34282 -1.20879 1.0000 1.0000 1.0000
v -1.28382 4.33992 -1.20508 1.0000 1.0000 1.0000
v -1.14898 4.32510 -0.94669 1.0000 1.0000 1.0000
v -1.14326 4.31641 -0.94939 1.0000 1.0000 1.0000
v -1.27092 4.33523 -1.21163 1.0000 1.0000 1.0000
v -1.27568 4.34282 -1.20879 1.0000 1.0000 1.0000
v -1.15068 4.31641 -0.95080 1.0000 1.0000 1.0000
v -1.15185 4.31165 -0.94750 1.0000 1.0000 1.0000
v -1.24575 4.31965 -0.96749 1.0000 1.0000 1.0000
v -1.24382 4.32576 -0.97168 1.0000 1.0000 1.0000
v -1.15185 4.31165 -0.94750 1.0000 1.0000 1.0000
v -1.15282 4.31347 -0.94196 1.0000 1.0000 1.0000
v -1.24691 4.32199 -0.96029 1.0000 1.0000 1.0000
v -1.24575 4.31965 -0.96749 1.0000 1.0000 1.0000
v -1.15282 4.31347 -0.94196 1.0000 1.0000 1.0000
v -1.15225 4.31935 -0.94184 1.0000 1.0000 1.0000
v -1.24569 4.32954 -0.96003 1.0000 1.0000 1.0000
v -1.24691 4.32199 -0.96029 1.0000 1.0000 1.0000
v -1.15225 4.31935 -0.94184 1.0000 1.0000 1.0000
v -1.15093 4.32117 -0.94731 1.0000 1.0000 1.0000
v -1.24378 4.33188 -0.96707 1.0000 1.0000 1.0000
v -1.24569 4.32954 -0.96003 1.0000 1.0000 1.0000
v -1.15093 4.32117 -0.94731 1.0000 1.0000 1.0000
v -1.15068 4.31641 -0.95080 1.0000 1.0000 1.0000
v -1.24382 4.32576 -0.97168 1.0000 1.0000 1.0000
v -1.24378 4.33188 -0.96707 1.0000 1.0000 1.0000
v -1.24382 4.32576 -0.97168 1.0000 1.0000 1.0000
v -1.24575 4.31965 -0.96749 1.0000 1.0000 1.0000
v -1.33752 4.34023 -0.98841 1.0000 1.0000 1.0000
v -1.33463 4.34764 -0.99343 1.0000 1.0000 1.0000
v -1.24575 4.31965 -0.96749 1.0000 1.0000 1.0000
v -1.24691 4.32199 -0.96029 1.0000 1.0000 1.0000
v -1.33882 4.34306 -0.97954 1.0000 1.0000 1.0000
v -1.33752 4.34023 -0.98841 1.0000 1.0000 1.0000
v -1.24691 4.32199 -0.96029 1.0000 1.0000 1.0000
v -1.24569 4.32954 -0.96003 1.0000 1.0000 1.0000
v -1.33673 4.35222 -0.97907 1.0000 1.0000 1.0000
v -1.33882 4.34306 -0.97954 1.0000 1.0000 1.0000
v -1.24569 4.32954 -0.96003 1.0000 1.0000 1.0000
v -1.24378 4.33188 -0.96707 1.0000 1.0000 1.0000
v -1.33414 4.35505 -0.98766 1.0000 1.0000 1.0000
v -1.33673 4.35222 -0.97907 1.0000 1.0000 1.0000
v -1.24378 4.33188 -0.96707 1.0000 1.0000 1.0000
v -1.24382 4.32576 -0.97168 1.0000 1.0000 1.0000
v -1.33463 4.34764 -0.99343 1.0000 1.0000 1.0000
v -1.33414 4.35505 -0.98766 1.0000 1.0000 1.0000
v -1.14893 4.31641 -0.95007 1.0000 1.0000 1.0000
v -1.15380 4.31320 -0.94913 1.0000 1.0000 1.0000
v -1.22627 4.40721 -0.99759 1.0000 1.0000 1.0000
v -1.21978 4.41109 -0.99883 1.0000 1.0000 1.0000
v -1.15380 4.31320 -0.94913 1.0000 1.0000 1.0000
v -1.15578 4.31442 -0.94370 1.0000 1.0000 1.0000
v -1.22858 4.40869 -0.99044 1.0000 1.0000 1.0000
v -1.22627 4.40721 -0.99759 1.0000 1.0000 1.0000
v -1.15578 4.31442 -0.94370 1.0000 1.0000 1.0000
v -1.15213 4.31839 -0.94128 1.0000 1.0000 1.0000
v -1.22352 4.41348 -0.98726 1.0000 1.0000 1.0000
v -1.22858 4.40869 -0.99044 1.0000 1.0000 1.0000
v -1.15213 4.31839 -0.94128 1.0000 1.0000 1.0000
v -1.14789 4.31962 -0.94522 1.0000 1.0000 1.0000
v -1.21809 4.41496 -0.99245 1.0000 1.0000 1.0000
v -1.22352 4.41348 -0.98726 1.0000 1.0000 1.0000
v -1.14789 4.31962 -0.94522 1.0000 1.0000 1.0000
v -1.14893 4.31641 -0.95007 1.0000 1.0000 1.0000
v -1.21978 4.41109 -0.99883 1.0000 1.0000 1.0000
v -1.21809 4.41496 -0.99245 1.0000 1.0000 1.0000
v -1.21978 4.41109 -0.99883 1.0000 1.0000 1.0000
v -1.22627 4.40721 -0.99759 1.0000 1.0000 1.0000
v -1.29095 4.51098 -1.03613 1.0000 1.0000 1.0000
v -1.28280 4.51538 -1.03773 1.0000 1.0000 1.0000
v -1.22627 4.40721 -0.99759 1.0000 1.0000 1.0000
v -1.22858 4.40869 -0.99044 1.0000 1.0000 1.0000
v -1.29345 4.51266 -1.02722 1.0000 1.0000 1.0000
v -1.29095 4.51098 -1.03613 1.0000 1.0000 1.0000
v -1.22858 4.40869 -0.99044 1.0000 1.0000 1.0000
v -1.22352 4.41348 -0.98726 1.0000 1.0000 1.0000
v -1.28684 4.51810 -1.02332 1.0000 1.0000 1.0000
v -1.29345 4.51266 -1.02722 1.0000 1.0000 1.0000
v -1.22352 4.41348 -0.98726 1.0000 1.0000 1.0000
v -1.21809 4.41496 -0.99245 1.0000 1.0000 1.0000
v -1.28026 4.51977 -1.02982 1.0000 1.0000 1.0000
v -1.28684 4.51810 -1.02332 1.0000 1.0000 1.0000
v -1.21809 4.41496 -0.99245 1.0000 1.0000 1.0000
v -1.21978 4.41109 -0.99883 1.0000 1.0000 1.0000
v -1.28280 4.51538 -1.03773 1.0000 1.0000 1.0000
v -1.28026 4.51977 -1.02982 1.0000 1.0000 1.0000
v -1.05017 4.31547 -0.67976 1.0000 1.0000 1.0000
v -1.05214 4.30580 -0.67277 1.0000 1.0000 1.0000
v -1.35819 4.25408 -0.83199 1.0000 1.0000 1.0000
v -1.35641 4.26269 -0.83817 1.0000 1.0000 1.0000
v -1.05214 4.30580 -0.67277 1.0000 1.0000 1.0000
v -1.05796 4.30949 -0.66284 1.0000 1.0000 1.0000
v -1.36330 4.25737 -0.82312 1.0000 1.0000 1.0000
v -1.35819 4.25408 -0.83199 1.0000 1.0000 1.0000
v -1.05796 4.30949 -0.66284 1.0000 1.0000 1.0000
v -1.05958 4.32144 -0.66368 1.0000 1.0000 1.0000
v -1.36466 4.26801 -0.82382 1.0000 1.0000 1.0000
v -1.36330 4.25737 -0.82312 1.0000 1.0000 1.0000
v -1.05958 4.32144 -0.66368 1.0000 1.0000 1.0000
v -1.05477 4.32513 -0.67414 1.0000 1.0000 1.0000
v -1.36041 4.27129 -0.83313 1.0000 1.0000 1.0000
v -1.36466 4.26801 -0.82382 1.0000 1.0000 1.0000
v -1.05477 4.32513 -0.67414 1.0000 1.0000 1.0000
v -1.05017 4.31547 -0.67976 1.0000 1.0000 1.0000
v -1.35641 4.26269 -0.83817 1.0000 1.0000 1.0000
v -1.36041 4.27129 -0.83313 1.0000 1.0000 1.0000
v -1.35641 4.26269 -0.83817 1.0000 1.0000 1.0000
v -1.35819 4.25408 -0.83199 1.0000 1.0000 1.0000
v -1.66654 4.20802 -0.98848 1.0000 1.0000 1.0000
v -1.66495 4.21556 -0.99387 1.0000 1.0000 1.0000
v -1.35819 4.25408 -0.83199 1.0000 1.0000 1.0000
v -1.36330 4.25737 -0.82312 1.0000 1.0000 1.0000
v -1.67095 4.21090 -0.98068 1.0000 1.0000 1.0000
v -1.66654 4.20802 -0.98848 1.0000 1.0000 1.0000
v -1.36330 4.25737 -0.82312 1.0000 1.0000 1.0000
v -1.36466 4.26801 -0.82382 1.0000 1.0000 1.0000
v -1.67208 4.22022 -0.98126 1.0000 1.0000 1.0000
v -1.67095 4.21090 -0.98068 1.0000 1.0000 1.0000
v -1.36466 4.26801 -0.82382 1.0000 1.0000 1.0000
v -1.36041 4.27129 -0.83313 1.0000 1.0000 1.0000
v -1.66837 4.22310 -0.98941 1.0000 1.0000 1.0000
v -1.67208 4.22022 -0.98126 1.0000 1.0000 1.0000
v -1.36041 4.27129 -0.83313 1.0000 1.0000 1.0000
v -1.35641 4.26269 -0.83817 1.0000 1.0000 1.0000
v -1.66495 4.21556 -0.99387 1.0000 1.0000 1.0000
v -1.66837 4.22310 -0.98941 1.0000 1.0000 1.0000
v -1.36386 4.26269 -0.83386 1.0000 1.0000 1.0000
v -1.36116 4.25794 -0.83161 1.0000 1.0000 1.0000
v -1.46625 4.23941 -0.74230 1.0000 1.0000 1.0000
v -1.46978 4.24556 -0.74518 1.0000 1.0000 1.0000
v -1.36116 4.25794 -0.83161 1.0000 1.0000 1.0000
v -1.35767 4.25976 -0.82719 1.0000 1.0000 1.0000
v -1.46154 4.24176 -0.73674 1.0000 1.0000 1.0000
v -1.46625 4.23941 -0.74230 1.0000 1.0000 1.0000
v -1.35767 4.25976 -0.82719 1.0000 1.0000 1.0000
v -1.35822 4.26562 -0.82672 1.0000 1.0000 1.0000
v -1.46216 4.24937 -0.73618 1.0000 1.0000 1.0000
v -1.46154 4.24176 -0.73674 1.0000 1.0000 1.0000
v -1.35822 4.26562 -0.82672 1.0000 1.0000 1.0000
v -1.36205 4.26744 -0.83084 1.0000 1.0000 1.0000
v -1.46724 4.25172 -0.74140 1.0000 1.0000 1.0000
v -1.46216 4.24937 -0.73618 1.0000 1.0000 1.0000
v -1.36205 4.26744 -0.83084 1.0000 1.0000 1.0000
v -1.36386 4.26269 -0.83386 1.0000 1.0000 1.0000
v -1.46978 4.24556 -0.74518 1.0000 1.0000 1.0000
v -1.46724 4.25172 -0.74140 1.0000 1.0000 1.0000
v -1.46978 4.24556 -0.74518 1.0000 1.0000 1.0000
v -1.46625 4.23941 -0.74230 1.0000 1.0000 1.0000
v -1.56622 4.22516 -0.64654 1.0000 1.0000 1.0000
v -1.57057 4.23274 -0.65003 1.0000 1.0000 1.0000
v -1.46625 4.23941 -0.74230 1.0000 1.0000 1.0000
v -1.46154 4.24176 -0.73674 1.0000 1.0000 1.0000
v -1.56021 4.22806 -0.63992 1.0000 1.0000 1.0000
v -1.56622 4.22516 -0.64654 1.0000 1.0000 1.0000
v -1.46154 4.24176 -0.73674 1.0000 1.0000 1.0000
v -1.46216 4.24937 -0.73618 1.0000 1.0000 1.0000
v -1.56083 4.23742 -0.63931 1.0000 1.0000 1.0000
v -1.56021 4.22806 -0.63992 1.0000 1.0000 1.0000
v -1.46216 4.24937 -0.73618 1.0000 1.0000 1.0000
v -1.46724 4.25172 -0.74140 1.0000 1.0000 1.0000
v -1.56723 4.24032 -0.64557 1.0000 1.0000 1.0000
v -1.56083 4.23742 -0.63931 1.0000 1.0000 1.0000
v -1.46724 4.25172 -0.74140 1.0000 1.0000 1.0000
v -1.46978 4.24556 -0.74518 1.0000 1.0000 1.0000
v -1.57057 4.23274 -0.65003 1.0000 1.0000 1.0000
v -1.56723 4.24032 -0.64557 1.0000 1.0000 1.0000
v -1.35556 4.26269 -0.83009 1.0000 1.0000 1.0000
v -1.35901 4.25888 -0.82717 1.0000 1.0000 1.0000
v -1.35961 4.16424 -0.95001 1.0000 1.0000 1.0000
v -1.35523 4.16915 -0.95393 1.0000 1.0000 1.0000
v -1.35901 4.25888 -0.82717 1.0000 1.0000 1.0000
v -1.36464 4.26033 -0.82822 1.0000 1.0000 1.0000
v -1.36694 4.16612 -0.95121 1.0000 1.0000 1.0000
v -1.35961 4.16424 -0.95001 1.0000 1.0000 1.0000
v -1.36464 4.26033 -0.82822 1.0000 1.0000 1.0000
v -1.36468 4.26505 -0.83179 1.0000 1.0000 1.0000
v -1.36709 4.17219 -0.95587 1.0000 1.0000 1.0000
v -1.36694 4.16612 -0.95121 1.0000 1.0000 1.0000
v -1.36468 4.26505 -0.83179 1.0000 1.0000 1.0000
v -1.35907 4.26650 -0.83294 1.0000 1.0000 1.0000
v -1.35986 4.17407 -0.95755 1.0000 1.0000 1.0000
v -1.36709 4.17219 -0.95587 1.0000 1.0000 1.0000
v -1.35907 4.26650 -0.83294 1.0000 1.0000 1.0000
v -1.35556 4.26269 -0.83009 1.0000 1.0000 1.0000
v -1.35523 4.16915 -0.95393 1.0000 1.0000 1.0000
v -1.35986 4.17407 -0.95755 1.0000 1.0000 1.0000
v -1.35523 4.16915 -0.95393 1.0000 1.0000 1.0000
v -1.35961 4.16424 -0.95001 1.0000 1.0000 1.0000
v -1.36596 4.06784 -1.07131 1.0000 1.0000 1.0000
v -1.36071 4.07385 -1.07629 1.0000 1.0000 1.0000
v -1.35961 4.16424 -0.95001 1.0000 1.0000 1.0000
v -1.36694 4.16612 -0.95121 1.0000 1.0000 1.0000
v -1.37500 4.07014 -1.07258 1.0000 1.0000 1.0000
v -1.36596 4.06784 -1.07131 1.0000 1.0000 1.0000
v -1.36694 4.16612 -0.95121 1.0000 1.0000 1.0000
v -1.36709 4.17219 -0.95587 1.0000 1.0000 1.0000
v -1.37532 4.07756 -1.07835 1.0000 1.0000 1.0000
v -1.37500 4.07014 -1.07258 1.0000 1.0000 1.0000
v -1.36709 4.17219 -0.95587 1.0000 1.0000 1.0000
v -1.35986 4.17407 -0.95755 1.0000 1.0000 1.0000
v -1.36650 4.07985 -1.08065 1.0000 1.0000 1.0000
v -1.37532 4.07756 -1.07835 1.0000 1.0000 1.0000
v -1.35986 4.17407 -0.95755 1.0000 1.0000 1.0000
v -1.35523 4.16915 -0.95393 1.0000 1.0000 1.0000
v -1.36071 4.07385 -1.07629 1.0000 1.0000 1.0000
v -1.36650 4.07985 -1.08065 1.0000 1.0000 1.0000
v -1.66419 4.21556 -0.98711 1.0000 1.0000 1.0000
v -1.66703 4.21203 -0.98462 1.0000 1.0000 1.0000
v -1.67252 4.16568 -1.05430 1.0000 1.0000 1.0000
v -1.66845 4.17058 -1.05784 1.0000 1.0000 1.0000
v -1.66703 4.21203 -0.98462 1.0000 1.0000 1.0000
v -1.67201 4.21338 -0.98506 1.0000 1.0000 1.0000
v -1.67951 4.16755 -1.05512 1.0000 1.0000 1.0000
v -1.67252 4.16568 -1.05430 1.0000 1.0000 1.0000
v -1.67201 4.21338 -0.98506 1.0000 1.0000 1.0000
v -1.67224 4.21774 -0.98781 1.0000 1.0000 1.0000
v -1.67977 4.17362 -1.05915 1.0000 1.0000 1.0000
v -1.67951 4.16755 -1.05512 1.0000 1.0000 1.0000
v -1.67224 4.21774 -0.98781 1.0000 1.0000 1.0000
v -1.66741 4.21909 -0.98909 1.0000 1.0000 1.0000
v -1.67293 4.17549 -1.06083 1.0000 1.0000 1.0000
v -1.67977 4.17362 -1.05915 1.0000 1.0000 1.0000
v -1.66741 4.21909 -0.98909 1.0000 1.0000 1.0000
v -1.66419 4.21556 -0.98711 1.0000 1.0000 1.0000
v -1.66845 4.17058 -1.05784 1.0000 1.0000 1.0000
v -1.67293 4.17549 -1.06083 1.0000 1.0000 1.0000
v -1.66845 4.17058 -1.05784 1.0000 1.0000 1.0000
v -1.67252 4.16568 -1.05430 1.0000 1.0000 1.0000
v -1.67467 4.11614 -1.12195 1.0000 1.0000 1.0000
v -1.66932 4.12238 -1.12653 1.0000 1.0000 1.0000
v -1.67252 4.16568 -1.05430 1.0000 1.0000 1.0000
v -1.67951 4.16755 -1.05512 1.0000 1.0000 1.0000
v -1.68368 4.11853 -1.12327 1.0000 1.0000 1.0000
v -1.67467 4.11614 -1.12195 1.0000 1.0000 1.0000
v -1.67951 4.16755 -1.05512 1.0000 1.0000 1.0000
v -1.67977 4.17362 -1.05915 1.0000 1.0000 1.0000
v -1.68389 4.12623 -1.12866 1.0000 1.0000 1.0000
v -1.68368 4.11853 -1.12327 1.0000 1.0000 1.0000
v -1.67977 4.17362 -1.05915 1.0000 1.0000 1.0000
v -1.67293 4.17549 -1.06083 1.0000 1.0000 1.0000
v -1.67501 4.12861 -1.13067 1.0000 1.0000 1.0000
v -1.68389 4.12623 -1.12866 1.0000 1.0000 1.0000
v -1.67293 4.17549 -1.06083 1.0000 1.0000 1.0000
v -1.66845 4.17058 -1.05784 1.0000 1.0000 1.0000
v -1.66932 4.12238 -1.12653 1.0000 1.0000 1.0000
v -1.67501 4.12861 -1.13067 1.0000 1.0000 1.0000
v -1.56946 4.80989 -0.94039 1.0000 1.0000 1.0000
v -1.56972 4.80419 -0.93557 1.0000 1.0000 1.0000
v -1.75346 4.87271 -0.86334 1.0000 1.0000 1.0000
v -1.75336 4.87916 -0.86878 1.0000 1.0000 1.0000
v -1.56972 4.80419 -0.93557 1.0000 1.0000 1.0000
v -1.56640 4.80637 -0.92924 1.0000 1.0000 1.0000
v -1.74950 4.87517 -0.85631 1.0000 1.0000 1.0000
v -1.75346 4.87271 -0.86334 1.0000 1.0000 1.0000
v -1.56640 4.80637 -0.92924 1.0000 1.0000 1.0000
v -1.56410 4.81341 -0.93015 1.0000 1.0000 1.0000
v -1.74695 4.88314 -0.85741 1.0000 1.0000 1.0000
v -1.74950 4.87517 -0.85631 1.0000 1.0000 1.0000
v -1.56410 4.81341 -0.93015 1.0000 1.0000 1.0000
v -1.56599 4.81559 -0.93704 1.0000 1.0000 1.0000
v -1.74933 4.88560 -0.86512 1.0000 1.0000 1.0000
v -1.74695 4.88314 -0.85741 1.0000 1.0000 1.0000
v -1.56599 4.81559 -0.93704 1.0000 1.0000 1.0000
v -1.56946 4.80989 -0.94039 1.0000 1.0000 1.0000
v -1.75336 4.87916 -0.86878 1.0000 1.0000 1.0000
v -1.74933 4.88560 -0.86512 1.0000 1.0000 1.0000
v -1.75336 4.87916 -0.86878 1.0000 1.0000 1.0000
v -1.75346 4.87271 -0.86334 1.0000 1.0000 1.0000
v -1.93273 4.94017 -0.77976 1.0000 1.0000 1.0000
v -1.93282 4.94736 -0.78582 1.0000 1.0000 1.0000
v -1.75346 4.87271 -0.86334 1.0000 1.0000 1.0000
v -1.74950 4.87517 -0.85631 1.0000 1.0000 1.0000
v -1.92808 4.94292 -0.77206 1.0000 1.0000 1.0000
v -1.93273 4.94017 -0.77976 1.0000 1.0000 1.0000
v -1.74950 4.87517 -0.85631 1.0000 1.0000 1.0000
v -1.74695 4.88314 -0.85741 1.0000 1.0000 1.0000
v -1.92530 4.95181 -0.77336 1.0000 1.0000 1.0000
v -1.92808 4.94292 -0.77206 1.0000 1.0000 1.0000
v -1.74695 4.88314 -0.85741 1.0000 1.0000 1.0000
v -1.74933 4.88560 -0.86512 1.0000 1.0000 1.0000
v -1.92823 4.95456 -0.78186 1.0000 1.0000 1.0000
v -1.92530 4.95181 -0.77336 1.0000 1.0000 1.0000
v -1.74933 4.88560 -0.86512 1.0000 1.0000 1.0000
v -1.75336 4.87916 -0.86878 1.0000 1.0000 1.0000
v -1.93282 4.94736 -0.78582 1.0000 1.0000 1.0000
v -1.92823 4.95456 -0.78186 1.0000 1.0000 1.0000
v -1.75370 4.87916 -0.86453 1.0000 1.0000 1.0000
v -1.75063 4.87571 -0.86411 1.0000 1.0000 1.0000
v -1.79887 4.83894 -0.79950 1.0000 1.0000 1.0000
v -1.80328 4.84431 -0.80055 1.0000 1.0000 1.0000
v -1.75063 4.87571 -0.86411 1.0000 1.0000 1.0000
v -1.74741 4.87702 -0.86104 1.0000 1.0000 1.0000
v -1.79403 4.84099 -0.79485 1.0000 1.0000 1.0000
v -1.79887 4.83894 -0.79950 1.0000 1.0000 1.0000
v -1.74741 4.87702 -0.86104 1.0000 1.0000 1.0000
v -1.74849 4.88129 -0.85956 1.0000 1.0000 1.0000
v -1.79545 4.84762 -0.79302 1.0000 1.0000 1.0000
v -1.79403 4.84099 -0.79485 1.0000 1.0000 1.0000
v -1.74849 4.88129 -0.85956 1.0000 1.0000 1.0000
v -1.75238 4.88260 -0.86172 1.0000 1.0000 1.0000
v -1.80116 4.84967 -0.79655 1.0000 1.0000 1.0000
v -1.79545 4.84762 -0.79302 1.0000 1.0000 1.0000
v -1.75238 4.88260 -0.86172 1.0000 1.0000 1.0000
v -1.75370 4.87916 -0.86453 1.0000 1.0000 1.0000
v -1.80328 4.84431 -0.80055 1.0000 1.0000 1.0000
v -1.80116 4.84967 -0.79655 1.0000 1.0000 1.0000
v -1.80328 4.84431 -0.80055 1.0000 1.0000 1.0000
v -1.79887 4.83894 -0.79950 1.0000 1.0000 1.0000
v -1.85301 4.81385 -0.73400 1.0000 1.0000 1.0000
v -1.85856 4.82119 -0.73594 1.0000 1.0000 1.0000
v -1.79887 4.83894 -0.79950 1.0000 1.0000 1.0000
v -1.79403 4.84099 -0.79485 1.0000 1.0000 1.0000
v -1.84656 4.81665 -0.72775 1.0000 1.0000 1.0000
v -1.85301 4.81385 -0.73400 1.0000 1.0000 1.0000
v -1.79403 4.84099 -0.79485 1.0000 1.0000 1.0000
v -1.79545 4.84762 -0.79302 1.0000 1.0000 1.0000
v -1.84812 4.82573 -0.72584 1.0000 1.0000 1.0000
v -1.84656 4.81665 -0.72775 1.0000 1.0000 1.0000
v -1.79545 4.84762 -0.79302 1.0000 1.0000 1.0000
v -1.80116 4.84967 -0.79655 1.0000 1.0000 1.0000
v -1.85553 4.82853 -0.73091 1.0000 1.0000 1.0000
v -1.84812 4.82573 -0.72584 1.0000 1.0000 1.0000
v -1.80116 4.84967 -0.79655 1.0000 1.0000 1.0000
v -1.80328 4.84431 -0.80055 1.0000 1.0000 1.0000
v -1.85856 4.82119 -0.73594 1.0000 1.0000 1.0000
v -1.85553 4.82853 -0.73091 1.0000 1.0000 1.0000
v -1.56713 4.80927 -0.94080 1.0000 1.0000 1.0000
v -1.57314 4.80901 -0.93636 1.0000 1.0000 1.0000
v -1.59008 4.94732 -0.95021 1.0000 1.0000 1.0000
v -1.58329 4.94752 -0.95522 1.0000 1.0000 1.0000
v -1.57314 4.80901 -0.93636 1.0000 1.0000 1.0000
v -1.57084 4.80997 -0.92932 1.0000 1.0000 1.0000
v -1.58748 4.94847 -0.94226 1.0000 1.0000 1.0000
v -1.59008 4.94732 -0.95021 1.0000 1.0000 1.0000
v -1.57084 4.80997 -0.92932 1.0000 1.0000 1.0000
v -1.56343 4.81082 -0.92940 1.0000 1.0000 1.0000
v -1.57910 4.94939 -0.94236 1.0000 1.0000 1.0000
v -1.58748 4.94847 -0.94226 1.0000 1.0000 1.0000
v -1.56343 4.81082 -0.92940 1.0000 1.0000 1.0000
v -1.56113 4.81039 -0.93650 1.0000 1.0000 1.0000
v -1.57651 4.94880 -0.95037 1.0000 1.0000 1.0000
v -1.57910 4.94939 -0.94236 1.0000 1.0000 1.0000
v -1.56113 4.81039 -0.93650 1.0000 1.0000 1.0000
v -1.56713 4.80927 -0.94080 1.0000 1.0000 1.0000
v -1.58329 4.94752 -0.95522 1.0000 1.0000 1.0000
v -1.57651 4.94880 -0.95037 1.0000 1.0000 1.0000
v -1.58329 4.94752 -0.95522 1.0000 1.0000 1.0000
v -1.59008 4.94732 -0.95021 1.0000 1.0000 1.0000
v -1.60532 5.08550 -0.96702 1.0000 1.0000 1.0000
v -1.59775 5.08563 -0.97260 1.0000 1.0000 1.0000
v -1.59008 4.94732 -0.95021 1.0000 1.0000 1.0000
v -1.58748 4.94847 -0.94226 1.0000 1.0000 1.0000
v -1.60243 5.08687 -0.95818 1.0000 1.0000 1.0000
v -1.60532 5.08550 -0.96702 1.0000 1.0000 1.0000
v -1.58748 4.94847 -0.94226 1.0000 1.0000 1.0000
v -1.57910 4.94939 -0.94236 1.0000 1.0000 1.0000
v -1.59307 5.08783 -0.95829 1.0000 1.0000 1.0000
v -1.60243 5.08687 -0.95818 1.0000 1.0000 1.0000
v -1.57910 4.94939 -0.94236 1.0000 1.0000 1.0000
v -1.57651 4.94880 -0.95037 1.0000 1.0000 1.0000
v -1.59018 5.08706 -0.96721 1.0000 1.0000 1.0000
v -1.59307 5.08783 -0.95829 1.0000 1.0000 1.0000
v -1.57651 4.94880 -0.95037 1.0000 1.0000 1.0000
v -1.58329 4.94752 -0.95522 1.0000 1.0000 1.0000
v -1.59775 5.08563 -0.97260 1.0000 1.0000 1.0000
v -1.59018 5.08706 -0.96721 1.0000 1.0000 1.0000
v -0.07845 4.66667 -0.04344 1.0000 1.0000 1.0000
v -0.09002 4.64492 -0.02457 1.0000 1.0000 1.0000
v -0.68753 4.99945 0.00976 1.0000 1.0000 1.0000
v -0.67934 5.01366 -0.00328 1.0000 1.0000 1.0000
v -0.09002 4.64492 -0.02457 1.0000 1.0000 1.0000
v -0.08369 4.65322 0.00466 1.0000 1.0000 1.0000
v -0.68236 5.00488 0.02932 1.0000 1.0000 1.0000
v -0.68753 4.99945 0.00976 1.0000 1.0000 1.0000
v -0.08369 4.65322 0.00466 1.0000 1.0000 1.0000
v -0.06821 4.68011 0.00384 1.0000 1.0000 1.0000
v -0.67097 5.02243 0.02837 1.0000 1.0000 1.0000
v -0.68236 5.00488 0.02932 1.0000 1.0000 1.0000
v -0.06821 4.68011 0.00384 1.0000 1.0000 1.0000
v -0.06497 4.68842 -0.02588 1.0000 1.0000 1.0000
v -0.66910 5.02786 0.00822 1.0000 1.0000 1.0000
v -0.67097 5.02243 0.02837 1.0000 1.0000 1.0000
v -0.06497 4.68842 -0.02588 1.0000 1.0000 1.0000
v -0.07845 4.66667 -0.04344 1.0000 1.0000 1.0000
v -0.67934 5.01366 -0.00328 1.0000 1.0000 1.0000
v -0.66910 5.02786 0.00822 1.0000 1.0000 1.0000
v -0.67934 5.01366 -0.00328 1.0000 1.0000 1.0000
v -0.68753 4.99945 0.00976 1.0000 1.0000 1.0000
v -1.24052 5.41603 0.07729 1.0000 1.0000 1.0000
v -1.23612 5.42313 0.07035 1.0000 1.0000 1.0000
v -0.68753 4.99945 0.00976 1.0000 1.0000 1.0000
v -0.68236 5.00488 0.02932 1.0000 1.0000 1.0000
v -1.23736 5.41874 0.08732 1.0000 1.0000 1.0000
v -1.24052 5.41603 0.07729 1.0000 1.0000 1.0000
v -0.68236 5.00488 0.02932 1.0000 1.0000 1.0000
v -0.67097 5.02243 0.02837 1.0000 1.0000 1.0000
v -1.23100 5.42751 0.08658 1.0000 1.0000 1.0000
v -1.23736 5.41874 0.08732 1.0000 1.0000 1.0000
v -0.67097 5.02243 0.02837 1.0000 1.0000 1.0000
v -0.66910 5.02786 0.00822 1.0000 1.0000 1.0000
v -1.23023 5.43022 0.07609 1.0000 1.0000 1.0000
v -1.23100 5.42751 0.08658 1.0000 1.0000 1.0000
v -0.66910 5.02786 0.00822 1.0000 1.0000 1.0000
v -0.67934 5.01366 -0.00328 1.0000 1.0000 1.0000
v -1.23612 5.42313 0.07035 1.0000 1.0000 1.0000
v -1.23023 5.43022 0.07609 1.0000 1.0000 1.0000
v -0.66953 5.01366 0.00932 1.0000 1.0000 1.0000
v -0.67881 5.00718 0.00718 1.0000 1.0000 1.0000
v -0.76265 5.17292 -0.12765 1.0000 1.0000 1.0000
v -0.75407 5.17856 -0.12567 1.0000 1.0000 1.0000
v -0.67881 5.00718 0.00718 1.0000 1.0000 1.0000
v -0.68679 5.00966 0.01512 1.0000 1.0000 1.0000
v -0.76972 5.17507 -0.12024 1.0000 1.0000 1.0000
v -0.76265 5.17292 -0.12765 1.0000 1.0000 1.0000
v -0.68679 5.00966 0.01512 1.0000 1.0000 1.0000
v -0.68242 5.01766 0.02218 1.0000 1.0000 1.0000
v -0.76550 5.18205 -0.11368 1.0000 1.0000 1.0000
v -0.76972 5.17507 -0.12024 1.0000 1.0000 1.0000
v -0.68242 5.01766 0.02218 1.0000 1.0000 1.0000
v -0.67176 5.02013 0.01859 1.0000 1.0000 1.0000
v -0.75583 5.18421 -0.11704 1.0000 1.0000 1.0000
v -0.76550 5.18205 -0.11368 1.0000 1.0000 1.0000
v -0.67176 5.02013 0.01859 1.0000 1.0000 1.0000
v -0.66953 5.01366 0.00932 1.0000 1.0000 1.0000
v -0.75407 5.17856 -0.12567 1.0000 1.0000 1.0000
v -0.75583 5.18421 -0.11704 1.0000 1.0000 1.0000
v -0.75407 5.17856 -0.12567 1.0000 1.0000 1.0000
v -0.76265 5.17292 -0.12765 1.0000 1.0000 1.0000
v -0.84432 5.35000 -0.24868 1.0000 1.0000 1.0000
v -0.83647 5.35486 -0.24690 1.0000 1.0000 1.0000
v -0.76265 5.17292 -0.12765 1.0000 1.0000 1.0000
v -0.76972 5.17507 -0.12024 1.0000 1.0000 1.0000
v -0.85051 5.35185 -0.24184 1.0000 1.0000 1.0000
v -0.84432 5.35000 -0.24868 1.0000 1.0000 1.0000
v -0.76972 5.17507 -0.12024 1.0000 1.0000 1.0000
v -0.76550 5.18205 -0.11368 1.0000 1.0000 1.0000
v -0.84648 5.35786 -0.23584 1.0000 1.0000 1.0000
v -0.85051 5.35185 -0.24184 1.0000 1.0000 1.0000
v -0.76550 5.18205 -0.11368 1.0000 1.0000 1.0000
v -0.75583 5.18421 -0.11704 1.0000 1.0000 1.0000
v -0.83780 5.35972 -0.23896 1.0000 1.0000 1.0000
v -0.84648 5.35786 -0.23584 1.0000 1.0000 1.0000
v -0.75583 5.18421 -0.11704 1.0000 1.0000 1.0000
v -0.75407 5.17856 -0.12567 1.0000 1.0000 1.0000
v -0.83647 5.35486 -0.24690 1.0000 1.0000 1.0000
v -0.83780 5.35972 -0.23896 1.0000 1.0000 1.0000
v -1.23460 5.42313 0.07446 1.0000 1.0000 1.0000
v -1.23515 5.41830 0.07794 1.0000 1.0000 1.0000
v -1.34579 5.42258 0.06771 1.0000 1.0000 1.0000
v -1.34462 5.42877 0.06330 1.0000 1.0000 1.0000
v -1.23515 5.41830 0.07794 1.0000 1.0000 1.0000
v -1.23556 5.42014 0.08360 1.0000 1.0000 1.0000
v -1.34647 5.42494 0.07499 1.0000 1.0000 1.0000
v -1.34579 5.42258 0.06771 1.0000 1.0000 1.0000
v -1.23556 5.42014 0.08360 1.0000 1.0000 1.0000
v -1.23525 5.42611 0.08363 1.0000 1.0000 1.0000
v -1.34573 5.43260 0.07508 1.0000 1.0000 1.0000
v -1.34647 5.42494 0.07499 1.0000 1.0000 1.0000
v -1.23525 5.42611 0.08363 1.0000 1.0000 1.0000
v -1.23466 5.42795 0.07798 1.0000 1.0000 1.0000
v -1.34459 5.43496 0.06786 1.0000 1.0000 1.0000
v -1.34573 5.43260 0.07508 1.0000 1.0000 1.0000
v -1.23466 5.42795 0.07798 1.0000 1.0000 1.0000
v -1.23460 5.42313 0.07446 1.0000 1.0000 1.0000
v -1.34462 5.42877 0.06330 1.0000 1.0000 1.0000
v -1.34459 5.43496 0.06786 1.0000 1.0000 1.0000
v -1.34462 5.42877 0.06330 1.0000 1.0000 1.0000
v -1.34579 5.42258 0.06771 1.0000 1.0000 1.0000
v -1.45448 5.43714 0.04937 1.0000 1.0000 1.0000
v -1.45251 5.44467 0.04409 1.0000 1.0000 1.0000
v -1.34579 5.42258 0.06771 1.0000 1.0000 1.0000
v -1.34647 5.42494 0.07499 1.0000 1.0000 1.0000
v -1.45552 5.44001 0.05827 1.0000 1.0000 1.0000
v -1.45448 5.43714 0.04937 1.0000 1.0000 1.0000
v -1.34647 5.42494 0.07499 1.0000 1.0000 1.0000
v -1.34573 5.43260 0.07508 1.0000 1.0000 1.0000
v -1.45419 5.44932 0.05848 1.0000 1.0000 1.0000
v -1.45552 5.44001 0.05827 1.0000 1.0000 1.0000
v -1.34573 5.43260 0.07508 1.0000 1.0000 1.0000
v -1.34459 5.43496 0.06786 1.0000 1.0000 1.0000
v -1.45233 5.45220 0.04973 1.0000 1.0000 1.0000
v -1.45419 5.44932 0.05848 1.0000 1.0000 1.0000
v -1.34459 5.43496 0.06786 1.0000 1.0000 1.0000
v -1.34462 5.42877 0.06330 1.0000 1.0000 1.0000
v -1.45251 5.44467 0.04409 1.0000 1.0000 1.0000
v -1.45233 5.45220 0.04973 1.0000 1.0000 1.0000
v -0.11668 5.33333 -0.01072 1.0000 1.0000 1.0000
v -0.09742 5.31487 -0.01576 1.0000 1.0000 1.0000
v 0.10056 5.48546 0.13945 1.0000 1.0000 1.0000
v 0.08735 5.49773 0.14274 1.0000 1.0000 1.0000
v -0.09742 5.31487 -0.01576 1.0000 1.0000 1.0000
v -0.08484 5.32192 -0.03877 1.0000 1.0000 1.0000
v 0.10887 5.49015 0.12379 1.0000 1.0000 1.0000
v 0.10056 5.48546 0.13945 1.0000 1.0000 1.0000
v -0.08484 5.32192 -0.03877 1.0000 1.0000 1.0000
v -0.09634 5.34475 -0.04796 1.0000 1.0000 1.0000
v 0.10079 5.50531 0.11741 1.0000 1.0000 1.0000
v 0.10887 5.49015 0.12379 1.0000 1.0000 1.0000
v -0.09634 5.34475 -0.04796 1.0000 1.0000 1.0000
v -0.11601 5.35180 -0.03062 1.0000 1.0000 1.0000
v 0.08749 5.51000 0.12913 1.0000 1.0000 1.0000
v 0.10079 5.50531 0.11741 1.0000 1.0000 1.0000
v -0.11601 5.35180 -0.03062 1.0000 1.0000 1.0000
v -0.11668 5.33333 -0.01072 1.0000 1.0000 1.0000
v 0.08735 5.49773 0.14274 1.0000 1.0000 1.0000
v 0.08749 5.51000 0.12913 1.0000 1.0000 1.0000
v 0.08735 5.49773 0.14274 1.0000 1.0000 1.0000
v 0.10056 5.48546 0.13945 1.0000 1.0000 1.0000
v 0.29382 5.66787 0.28697 1.0000 1.0000 1.0000
v 0.28686 5.67413 0.28863 1.0000 1.0000 1.0000
v 0.10056 5.48546 0.13945 1.0000 1.0000 1.0000
v 0.10887 5.49015 0.12379 1.0000 1.0000 1.0000
v 0.29803 5.67026 0.27879 1.0000 1.0000 1.0000
v 0.29382 5.66787 0.28697 1.0000 1.0000 1.0000
v 0.10887 5.49015 0.12379 1.0000 1.0000 1.0000
v 0.10079 5.50531 0.11741 1.0000 1.0000 1.0000
v 0.29367 5.67800 0.27540 1.0000 1.0000 1.0000
v 0.29803 5.67026 0.27879 1.0000 1.0000 1.0000
v 0.10079 5.50531 0.11741 1.0000 1.0000 1.0000
v 0.08749 5.51000 0.12913 1.0000 1.0000 1.0000
v 0.28677 5.68039 0.28148 1.0000 1.0000 1.0000
v 0.29367 5.67800 0.27540 1.0000 1.0000 1.0000
v 0.08749 5.51000 0.12913 1.0000 1.0000 1.0000
v 0.08735 5.49773 0.14274 1.0000 1.0000 1.0000
v 0.28686 5.67413 0.28863 1.0000 1.0000 1.0000
v 0.28677 5.68039 0.28148 1.0000 1.0000 1.0000
v 0.08846 5.49773 0.12982 1.0000 1.0000 1.0000
v 0.09400 5.49101 0.13490 1.0000 1.0000 1.0000
v 0.08647 5.55764 0.23114 1.0000 1.0000 1.0000
v 0.08105 5.56400 0.22614 1.0000 1.0000 1.0000
v 0.09400 5.49101 0.13490 1.0000 1.0000 1.0000
v 0.10370 5.49357 0.13390 1.0000 1.0000 1.0000
v 0.09583 5.56007 0.22997 1.0000 1.0000 1.0000
v 0.08647 5.55764 0.23114 1.0000 1.0000 1.0000
v 0.10370 5.49357 0.13390 1.0000 1.0000 1.0000
v 0.10415 5.50188 0.12821 1.0000 1.0000 1.0000
v 0.09620 5.56794 0.22423 1.0000 1.0000 1.0000
v 0.09583 5.56007 0.22997 1.0000 1.0000 1.0000
v 0.10415 5.50188 0.12821 1.0000 1.0000 1.0000
v 0.09474 5.50445 0.12569 1.0000 1.0000 1.0000
v 0.08707 5.57037 0.22186 1.0000 1.0000 1.0000
v 0.09620 5.56794 0.22423 1.0000 1.0000 1.0000
v 0.09474 5.50445 0.12569 1.0000 1.0000 1.0000
v 0.08846 5.49773 0.12982 1.0000 1.0000 1.0000
v 0.08105 5.56400 0.22614 1.0000 1.0000 1.0000
v 0.08707 5.57037 0.22186 1.0000 1.0000 1.0000
v 0.08105 5.56400 0.22614 1.0000 1.0000 1.0000
v 0.08647 5.55764 0.23114 1.0000 1.0000 1.0000
v 0.08221 5.62971 0.32360 1.0000 1.0000 1.0000
v 0.07691 5.63572 0.31867 1.0000 1.0000 1.0000
v 0.08647 5.55764 0.23114 1.0000 1.0000 1.0000
v 0.09583 5.56007 0.22997 1.0000 1.0000 1.0000
v 0.09123 5.63201 0.32225 1.0000 1.0000 1.0000
v 0.08221 5.62971 0.32360 1.0000 1.0000 1.0000
v 0.09583 5.56007 0.22997 1.0000 1.0000 1.0000
v 0.09620 5.56794 0.22423 1.0000 1.0000 1.0000
v 0.09150 5.63944 0.31649 1.0000 1.0000 1.0000
v 0.09123 5.63201 0.32225 1.0000 1.0000 1.0000
v 0.09620 5.56794 0.22423 1.0000 1.0000 1.0000
v 0.08707 5.57037 0.22186 1.0000 1.0000 1.0000
v 0.08265 5.64174 0.31428 1.0000 1.0000 1.0000
v 0.09150 5.63944 0.31649 1.0000 1.0000 1.0000
v 0.08707 5.57037 0.22186 1.0000 1.0000 1.0000
v 0.08105 5.56400 0.22614 1.0000 1.0000 1.0000
v 0.07691 5.63572 0.31867 1.0000 1.0000 1.0000
v 0.08265 5.64174 0.31428 1.0000 1.0000 1.0000
v -0.14083 6.00000 -0.04558 1.0000 1.0000 1.0000
v -0.13036 5.98300 -0.03363 1.0000 1.0000 1.0000
v -0.19856 6.09556 0.17902 1.0000 1.0000 1.0000
v -0.20543 6.10741 0.17011 1.0000 1.0000 1.0000
v -0.13036 5.98300 -0.03363 1.0000 1.0000 1.0000
v -0.10836 5.98949 -0.02966 1.0000 1.0000 1.0000
v -0.18324 6.10009 0.18248 1.0000 1.0000 1.0000
v -0.19856 6.09556 0.17902 1.0000 1.0000 1.0000
v -0.10836 5.98949 -0.02966 1.0000 1.0000 1.0000
v -0.10524 6.01051 -0.03916 1.0000 1.0000 1.0000
v -0.18065 6.11473 0.17571 1.0000 1.0000 1.0000
v -0.18324 6.10009 0.18248 1.0000 1.0000 1.0000
v -0.10524 6.01051 -0.03916 1.0000 1.0000 1.0000
v -0.12531 6.01700 -0.04900 1.0000 1.0000 1.0000
v -0.19436 6.11926 0.16807 1.0000 1.0000 1.0000
v -0.18065 6.11473 0.17571 1.0000 1.0000 1.0000
v -0.12531 6.01700 -0.04900 1.0000 1.0000 1.0000
v -0.14083 6.00000 -0.04558 1.0000 1.0000 1.0000
v -0.20543 6.10741 0.17011 1.0000 1.0000 1.0000
v -0.19436 6.11926 0.16807 1.0000 1.0000 1.0000
v -0.20543 6.10741 0.17011 1.0000 1.0000 1.0000
v -0.19856 6.09556 0.17902 1.0000 1.0000 1.0000
v -0.28569 6.21478 0.38085 1.0000 1.0000 1.0000
v -0.28936 6.22155 0.37544 1.0000 1.0000 1.0000
v -0.19856 6.09556 0.17902 1.0000 1.0000 1.0000
v -0.18324 6.10009 0.18248 1.0000 1.0000 1.0000
v -0.27697 6.21736 0.38323 1.0000 1.0000 1.0000
v -0.28569 6.21478 0.38085 1.0000 1.0000 1.0000
v -0.18324 6.10009 0.18248 1.0000 1.0000 1.0000
v -0.18065 6.11473 0.17571 1.0000 1.0000 1.0000
v -0.27524 6.22573 0.37930 1.0000 1.0000 1.0000
v -0.27697 6.21736 0.38323 1.0000 1.0000 1.0000
v -0.18065 6.11473 0.17571 1.0000 1.0000 1.0000
v -0.19436 6.11926 0.16807 1.0000 1.0000 1.0000
v -0.28290 6.22832 0.37449 1.0000 1.0000 1.0000
v -0.27524 6.22573 0.37930 1.0000 1.0000 1.0000
v -0.19436 6.11926 0.16807 1.0000 1.0000 1.0000
v -0.20543 6.10741 0.17011 1.0000 1.0000 1.0000
v -0.28936 6.22155 0.37544 1.0000 1.0000 1.0000
v -0.28290 6.22832 0.37449 1.0000 1.0000 1.0000
v -0.20003 6.10741 0.17407 1.0000 1.0000 1.0000
v -0.19451 6.10045 0.17268 1.0000 1.0000 1.0000
v -0.20645 6.07287 0.26236 1.0000 1.0000 1.0000
v -0.21207 6.08011 0.26314 1.0000 1.0000 1.0000
v -0.19451 6.10045 0.17268 1.0000 1.0000 1.0000
v -0.18614 6.10311 0.17460 1.0000 1.0000 1.0000
v -0.19794 6.07564 0.26448 1.0000 1.0000 1.0000
v -0.20645 6.07287 0.26236 1.0000 1.0000 1.0000
v -0.18614 6.10311 0.17460 1.0000 1.0000 1.0000
v -0.18649 6.11171 0.17719 1.0000 1.0000 1.0000
v -0.19830 6.08458 0.26658 1.0000 1.0000 1.0000
v -0.19794 6.07564 0.26448 1.0000 1.0000 1.0000
v -0.18649 6.11171 0.17719 1.0000 1.0000 1.0000
v -0.19507 6.11437 0.17685 1.0000 1.0000 1.0000
v -0.20703 6.08735 0.26575 1.0000 1.0000 1.0000
v -0.19830 6.08458 0.26658 1.0000 1.0000 1.0000
v -0.19507 6.11437 0.17685 1.0000 1.0000 1.0000
v -0.20003 6.10741 0.17407 1.0000 1.0000 1.0000
v -0.21207 6.08011 0.26314 1.0000 1.0000 1.0000
v -0.20703 6.08735 0.26575 1.0000 1.0000 1.0000
v -0.21207 6.08011 0.26314 1.0000 1.0000 1.0000
v -0.20645 6.07287 0.26236 1.0000 1.0000 1.0000
v -0.22548 6.05640 0.35353 1.0000 1.0000 1.0000
v -0.23116 6.06389 0.35368 1.0000 1.0000 1.0000
v -0.20645 6.07287 0.26236 1.0000 1.0000 1.0000
v -0.19794 6.07564 0.26448 1.0000 1.0000 1.0000
v -0.21683 6.05926 0.35585 1.0000 1.0000 1.0000
v -0.22548 6.05640 0.35353 1.0000 1.0000 1.0000
v -0.19794 6.07564 0.26448 1.0000 1.0000 1.0000
v -0.19830 6.08458 0.26658 1.0000 1.0000 1.0000
v -0.21716 6.06852 0.35743 1.0000 1.0000 1.0000
v -0.21683 6.05926 0.35585 1.0000 1.0000 1.0000
v -0.19830 6.08458 0.26658 1.0000 1.0000 1.0000
v -0.20703 6.08735 0.26575 1.0000 1.0000 1.0000
v -0.22602 6.07139 0.35609 1.0000 1.0000 1.0000
v -0.21716 6.06852 0.35743 1.0000 1.0000 1.0000
v -0.20703 6.08735 0.26575 1.0000 1.0000 1.0000
v -0.21207 6.08011 0.26314 1.0000 1.0000 1.0000
v -0.23116 6.06389 0.35368 1.0000 1.0000 1.0000
v -0.22602 6.07139 0.35609 1.0000 1.0000 1.0000
v -0.05309 2.66667 -0.02949 1.0000 1.0000 1.0000
v -0.04949 2.65092 -0.04658 1.0000 1.0000 1.0000
v 0.18226 2.83397 -0.16116 1.0000 1.0000 1.0000
v 0.18040 2.84413 -0.14990 1.0000 1.0000 1.0000
v -0.04949 2.65092 -0.04658 1.0000 1.0000 1.0000
v -0.06287 2.65693 -0.06495 1.0000 1.0000 1.0000
v 0.17293 2.83785 -0.17262 1.0000 1.0000 1.0000
v 0.18226 2.83397 -0.16116 1.0000 1.0000 1.0000
v -0.06287 2.65693 -0.06495 1.0000 1.0000 1.0000
v -0.07475 2.67640 -0.05922 1.0000 1.0000 1.0000
v 0.16530 2.85041 -0.16844 1.0000 1.0000 1.0000
v 0.17293 2.83785 -0.17262 1.0000 1.0000 1.0000
v -0.07475 2.67640 -0.05922 1.0000 1.0000 1.0000
v -0.06871 2.68241 -0.03731 1.0000 1.0000 1.0000
v 0.16992 2.85430 -0.15440 1.0000 1.0000 1.0000
v 0.16530 2.85041 -0.16844 1.0000 1.0000 1.0000
v -0.06871 2.68241 -0.03731 1.0000 1.0000 1.0000
v -0.05309 2.66667 -0.02949 1.0000 1.0000 1.0000
v 0.18040 2.84413 -0.14990 1.0000 1.0000 1.0000
v 0.16992 2.85430 -0.15440 1.0000 1.0000 1.0000
v 0.18040 2.84413 -0.14990 1.0000 1.0000 1.0000
v 0.18226 2.83397 -0.16116 1.0000 1.0000 1.0000
v 0.39803 3.02185 -0.29712 1.0000 1.0000 1.0000
v 0.39741 3.02652 -0.29186 1.0000 1.0000 1.0000
v 0.18226 2.83397 -0.16116 1.0000 1.0000 1.0000
v 0.17293 2.83785 -0.17262 1.0000 1.0000 1.0000
v 0.39344 3.02364 -0.30217 1.0000 1.0000 1.0000
v 0.39803 3.02185 -0.29712 1.0000 1.0000 1.0000
v 0.17293 2.83785 -0.17262 1.0000 1.0000 1.0000
v 0.16530 2.85041 -0.16844 1.0000 1.0000 1.0000
v 0.38998 3.02940 -0.30004 1.0000 1.0000 1.0000
v 0.39344 3.02364 -0.30217 1.0000 1.0000 1.0000
v 0.16530 2.85041 -0.16844 1.0000 1.0000 1.0000
v 0.16992 2.85430 -0.15440 1.0000 1.0000 1.0000
v 0.39243 3.03118 -0.29367 1.0000 1.0000 1.0000
v 0.38998 3.02940 -0.30004 1.0000 1.0000 1.0000
v 0.16992 2.85430 -0.15440 1.0000 1.0000 1.0000
v 0.18040 2.84413 -0.14990 1.0000 1.0000 1.0000
v 0.39741 3.02652 -0.29186 1.0000 1.0000 1.0000
v 0.39243 3.03118 -0.29367 1.0000 1.0000 1.0000
v -0.07418 2.00000 -0.01288 1.0000 1.0000 1.0000
v -0.05599 1.98516 -0.01153 1.0000 1.0000 1.0000
v 0.10858 2.21213 0.20602 1.0000 1.0000 1.0000
v 0.09691 2.22198 0.20665 1.0000 1.0000 1.0000
v -0.05599 1.98516 -0.01153 1.0000 1.0000 1.0000
v -0.04071 1.99083 -0.02848 1.0000 1.0000 1.0000
v 0.11730 2.21589 0.19405 1.0000 1.0000 1.0000
v 0.10858 2.21213 0.20602 1.0000 1.0000 1.0000
v -0.04071 1.99083 -0.02848 1.0000 1.0000 1.0000
v -0.04946 2.00917 -0.04030 1.0000 1.0000 1.0000
v 0.11102 2.22807 0.18727 1.0000 1.0000 1.0000
v 0.11730 2.21589 0.19405 1.0000 1.0000 1.0000
v -0.04946 2.00917 -0.04030 1.0000 1.0000 1.0000
v -0.07014 2.01484 -0.03067 1.0000 1.0000 1.0000
v 0.09842 2.23183 0.19506 1.0000 1.0000 1.0000
v 0.11102 2.22807 0.18727 1.0000 1.0000 1.0000
v -0.07014 2.01484 -0.03067 1.0000 1.0000 1.0000
v -0.07418 2.00000 -0.01288 1.0000 1.0000 1.0000
v 0.09691 2.22198 0.20665 1.0000 1.0000 1.0000
v 0.09842 2.23183 0.19506 1.0000 1.0000 1.0000
v 0.09691 2.22198 0.20665 1.0000 1.0000 1.0000
v 0.10858 2.21213 0.20602 1.0000 1.0000 1.0000
v 0.32594 2.42236 0.39170 1.0000 1.0000 1.0000
v 0.32073 2.42702 0.39266 1.0000 1.0000 1.0000
v 0.10858 2.21213 0.20602 1.0000 1.0000 1.0000
v 0.11730 2.21589 0.19405 1.0000 1.0000 1.0000
v 0.32940 2.42414 0.38582 1.0000 1.0000 1.0000
v 0.32594 2.42236 0.39170 1.0000 1.0000 1.0000
v 0.11730 2.21589 0.19405 1.0000 1.0000 1.0000
v 0.11102 2.22807 0.18727 1.0000 1.0000 1.0000
v 0.32633 2.42990 0.38314 1.0000 1.0000 1.0000
v 0.32940 2.42414 0.38582 1.0000 1.0000 1.0000
v 0.11102 2.22807 0.18727 1.0000 1.0000 1.0000
v 0.09842 2.23183 0.19506 1.0000 1.0000 1.0000
v 0.32097 2.43167 0.38737 1.0000 1.0000 1.0000
v 0.32633 2.42990 0.38314 1.0000 1.0000 1.0000
v 0.09842 2.23183 0.19506 1.0000 1.0000 1.0000
v 0.09691 2.22198 0.20665 1.0000 1.0000 1.0000
v 0.32073 2.42702 0.39266 1.0000 1.0000 1.0000
v 0.32097 2.43167 0.38737 1.0000 1.0000 1.0000
v -0.03451 1.33333 -0.01905 1.0000 1.0000 1.0000
v -0.04089 1.31567 -0.00491 1.0000 1.0000 1.0000
v -0.21342 1.39181 0.00582 1.0000 1.0000 1.0000
v -0.21006 1.40346 -0.00349 1.0000 1.0000 1.0000
v -0.04089 1.31567 -0.00491 1.0000 1.0000 1.0000
v -0.03711 1.32242 0.01730 1.0000 1.0000 1.0000
v -0.21057 1.39626 0.02016 1.0000 1.0000 1.0000
v -0.21342 1.39181 0.00582 1.0000 1.0000 1.0000
v -0.03711 1.32242 0.01730 1.0000 1.0000 1.0000
v -0.02840 1.34425 0.01687 1.0000 1.0000 1.0000
v -0.20546 1.41065 0.01972 1.0000 1.0000 1.0000
v -0.21057 1.39626 0.02016 1.0000 1.0000 1.0000
v -0.02840 1.34425 0.01687 1.0000 1.0000 1.0000
v -0.02680 1.35100 -0.00559 1.0000 1.0000 1.0000
v -0.20514 1.41510 0.00510 1.0000 1.0000 1.0000
v -0.20546 1.41065 0.01972 1.0000 1.0000 1.0000
v -0.02680 1.35100 -0.00559 1.0000 1.0000 1.0000
v -0.03451 1.33333 -0.01905 1.0000 1.0000 1.0000
v -0.21006 1.40346 -0.00349 1.0000 1.0000 1.0000
v -0.20514 1.41510 0.00510 1.0000 1.0000 1.0000
v -0.21006 1.40346 -0.00349 1.0000 1.0000 1.0000
v -0.21342 1.39181 0.00582 1.0000 1.0000 1.0000
v -0.38981 1.45482 0.03021 1.0000 1.0000 1.0000
v -0.38862 1.46027 0.02588 1.0000 1.0000 1.0000
v -0.21342 1.39181 0.00582 1.0000 1.0000 1.0000
v -0.21057 1.39626 0.02016 1.0000 1.0000 1.0000
v -0.38833 1.45690 0.03678 1.0000 1.0000 1.0000
v -0.38981 1.45482 0.03021 1.0000 1.0000 1.0000
v -0.21057 1.39626 0.02016 1.0000 1.0000 1.0000
v -0.20546 1.41065 0.01972 1.0000 1.0000 1.0000
v -0.38622 1.46363 0.03652 1.0000 1.0000 1.0000
v -0.38833 1.45690 0.03678 1.0000 1.0000 1.0000
v -0.20546 1.41065 0.01972 1.0000 1.0000 1.0000
v -0.20514 1.41510 0.00510 1.0000 1.0000 1.0000
v -0.38641 1.46571 0.02978 1.0000 1.0000 1.0000
v -0.38622 1.46363 0.03652 1.0000 1.0000 1.0000
v -0.20514 1.41510 0.00510 1.0000 1.0000 1.0000
v -0.21006 1.40346 -0.00349 1.0000 1.0000 1.0000
v -0.38862 1.46027 0.02588 1.0000 1.0000 1.0000
v -0.38641 1.46571 0.02978 1.0000 1.0000 1.0000
v 0.29265 4.92773 0.20899 0.2040 0.3347 0.1269
v -0.25479 4.31082 -0.05688 0.2040 0.3347 0.1269
v -0.37594 4.06413 0.76496 0.2833 0.4648 0.1762
v 0.17150 4.68104 1.03084 0.2833 0.4648 0.1762
v -0.59012 5.01708 -0.24522 0.2951 0.4344 0.1611
v -0.54812 5.22264 0.73267 0.2951 0.4344 0.1611
v 0.45110 5.22341 0.68959 0.4099 0.6033 0.2237
v 0.40910 5.01784 -0.28830 0.4099 0.6033 0.2237
v -0.29320 5.87480 0.44762 0.2978 0.4373 0.1621
v 0.64936 5.49955 1.09216 0.2978 0.4373 0.1621
v 0.62274 4.44455 0.51688 0.4136 0.6073 0.2251
v -0.31982 4.81980 -0.12766 0.4136 0.6073 0.2251
v -0.61860 4.00835 1.28615 0.2201 0.3524 0.1330
v -0.00535 4.52495 1.25406 0.2201 0.3524 0.1330
v -0.27929 4.80667 0.55436 0.3058 0.4894 0.1847
v -0.89254 4.29006 0.58645 0.3058 0.4894 0.1847
v 0.17183 4.87109 0.52391 0.2427 0.3770 0.1414
v -0.61142 5.00654 0.45014 0.2427 0.3770 0.1414
v -0.73506 4.22688 0.33137 0.3370 0.5236 0.1964
v 0.04818 4.09143 0.40514 0.3370 0.5236 0.1964
v -0.02045 4.07346 0.70134 0.2303 0.3635 0.1368
v -0.06654 4.08976 1.64466 0.2303 0.3635 0.1368
v 0.04052 5.02820 1.63368 0.3199 0.5048 0.1899
v 0.08661 5.01190 0.69036 0.3199 0.5048 0.1899
v 0.07336 4.96241 -0.09952 0.2350 0.3687 0.1385
v -0.09852 4.35237 0.29863 0.2350 0.3687 0.1385
v -0.81469 4.56873 0.32096 0.3264 0.5120 0.1924
v -0.64281 5.17877 -0.07718 0.3264 0.5120 0.1924
v -0.18436 5.81530 0.80219 0.2773 0.4149 0.1544
v -0.94985 4.74306 0.63023 0.2773 0.4149 0.1544
v 0.09518 3.95849 0.87026 0.3852 0.5763 0.2144
v 0.86068 5.03073 1.04222 0.3852 0.5763 0.2144
v -0.18332 5.39792 -0.48000 0.2837 0.4219 0.1568
v -0.67794 4.74431 0.57763 0.2837 0.4219 0.1568
v 0.52307 4.19879 0.80219 0.3940 0.5860 0.2178
v 1.01770 4.85240 -0.25545 0.3940 0.5860 0.2178
v 0.62084 4.40671 1.58306 0.2766 0.4142 0.1541
v 0.55355 4.81066 0.35988 0.2766 0.4142 0.1541
v -0.72197 4.96090 0.47966 0.3842 0.5752 0.2141
v -0.65468 4.55696 1.70284 0.3842 0.5752 0.2141
v -0.09872 3.84306 0.35954 0.2243 0.3570 0.1345
v -0.18487 4.29688 -0.24348 0.2243 0.3570 0.1345
v -0.64880 4.74376 0.15911 0.3116 0.4958 0.1868
v -0.56265 4.28994 0.76214 0.3116 0.4958 0.1868
v 0.42537 5.16210 -0.53662 0.2756 0.4130 0.1537
v -0.69490 4.86193 -0.11964 0.2756 0.4130 0.1537
v -0.18130 4.18063 0.76977 0.3827 0.5736 0.2135
v 0.93897 4.48081 0.35278 0.3827 0.5736 0.2135
v -0.53715 4.00524 0.15840 0.2237 0.3562 0.1343
v 0.48340 3.96803 0.82321 0.2237 0.3562 0.1343
v 0.90469 4.94628 0.23125 0.3107 0.4948 0.1865
v -0.11586 4.98349 -0.43357 0.3107 0.4948 0.1865
v 0.44682 5.12702 0.80343 0.2727 0.4098 0.1527
v 0.18828 4.17518 1.36699 0.2727 0.4098 0.1527
v -0.85857 4.19875 0.92656 0.3787 0.5692 0.2120
v -0.60004 5.15059 0.36299 0.3787 0.5692 0.2120
v -0.82075 4.75833 0.46945 0.2110 0.3423 0.1295
v -0.16632 4.28471 0.81857 0.2110 0.3423 0.1295
v 0.31208 4.40904 0.09045 0.2930 0.4755 0.1799
v -0.34235 4.88266 -0.25867 0.2930 0.4755 0.1799
v 0.79229 4.96430 0.64272 0.2124 0.3439 0.1300
v -0.36855 4.87168 -0.01889 0.2124 0.3439 0.1300
v -0.83429 4.03296 0.91570 0.2950 0.4776 0.1806
v 0.32654 4.12558 1.57731 0.2950 0.4776 0.1806
v -0.31972 4.46160 0.85915 0.2514 0.3866 0.1447
v -0.60664 4.69910 1.65640 0.2514 0.3866 0.1447
v 0.15107 5.12179 1.80317 0.3492 0.5370 0.2010
v 0.43799 4.88430 1.00591 0.3492 0.5370 0.2010
v -1.02486 4.79057 0.66842 0.2155 0.3473 0.1312
v -1.12316 4.35579 1.87402 0.2155 0.3473 0.1312
v 0.15830 4.30471 1.96008 0.2993 0.4824 0.1822
v 0.25660 4.73948 0.75448 0.2993 0.4824 0.1822
v 1.11450 4.65911 0.18624 0.2036 0.3342 0.1267
v 0.54624 3.79365 0.31964 0.2036 0.3342 0.1267
v -0.31793 4.37359 0.40087 0.2827 0.4642 0.1760
v 0.25032 5.23904 0.26747 0.2827 0.4642 0.1760
v 0.30936 4.89801 0.99791 0.2771 0.4147 0.1543
v 0.32382 5.33990 -0.22379 0.2771 0.4147 0.1543
v -0.79237 4.71893 -0.46161 0.3849 0.5759 0.2143
v -0.80684 4.27705 0.76010 0.3849 0.5759 0.2143
v -0.44767 5.07358 1.10673 0.2824 0.4205 0.1563
v 0.39368 4.76315 0.44324 0.2824 0.4205 0.1563
v -0.09308 3.77115 0.29013 0.3922 0.5840 0.2171
v -0.93443 4.08158 0.95361 0.3922 0.5840 0.2171
v 0.30813 4.96591 0.88388 0.2414 0.3756 0.1409
v -0.31099 5.66658 0.38867 0.2414 0.3756 0.1409
v -0.93144 4.87918 0.05028 0.3353 0.5217 0.1957
v -0.31232 4.17851 0.54549 0.3353 0.5217 0.1957
v -0.38670 4.40425 1.49911 0.2874 0.4260 0.1582
v 0.21743 4.15423 0.63175 0.2874 0.4260 0.1582
v 0.92133 4.93810 0.89607 0.3992 0.5916 0.2197
v 0.31721 5.18811 1.76343 0.3992 0.5916 0.2197
v 0.67396 5.10499 -0.21937 0.2139 0.3455 0.1306
v 0.10692 3.88093 -0.01999 0.2139 0.3455 0.1306
v -0.26978 4.25979 1.23467 0.2971 0.4799 0.1814
v 0.29727 5.48385 1.03530 0.2971 0.4799 0.1814
v 0.30958 5.56547 0.62718 0.2751 0.4125 0.1536
v 0.80513 4.81325 0.55571 0.2751 0.4125 0.1536
v 0.06461 4.34678 0.33084 0.3821 0.5729 0.2133
v -0.43094 5.09901 0.40231 0.3821 0.5729 0.2133
v -0.30736 5.74996 1.15870 0.2366 0.3704 0.1391
v 0.17682 4.51407 1.39718 0.2366 0.3704 0.1391
v -0.48700 4.04624 0.32052 0.3286 0.5145 0.1932
v -0.97119 5.28213 0.08204 0.3286 0.5145 0.1932
v -1.06821 4.37207 0.58098 0.2198 0.3520 0.1328
v -0.24006 4.18179 0.77856 0.2198 0.3520 0.1328
v 0.01610 4.49353 0.00508 0.3053 0.4889 0.1845
v -0.81205 4.68380 -0.19250 0.3053 0.4889 0.1845
v -0.02173 4.37466 0.16076 0.2340 0.3675 0.1381
v -0.64083 4.38337 0.54389 0.2340 0.3675 0.1381
v -0.31941 4.79158 1.05399 0.3249 0.5104 0.1918
v 0.29969 4.78287 0.67086 0.3249 0.5104 0.1918
v 0.58955 3.89491 0.63772 0.1994 0.3297 0.1252
v 0.01005 4.23715 -0.06957 0.1994 0.3297 0.1252
v -0.77226 3.90386 0.41012 0.2770 0.4580 0.1739
v -0.19277 3.56163 1.11742 0.2770 0.4580 0.1739
v -1.42037 3.83961 0.40686 0.2471 0.3819 0.1431
v -0.43737 4.01966 0.65768 0.2471 0.3819 0.1431
v -0.61266 3.65603 1.60567 0.3432 0.5304 0.1987
v -1.59566 3.47597 1.35484 0.3432 0.5304 0.1987
v 0.18466 4.62226 1.68536 0.2203 0.3526 0.1330
v -0.03769 4.86691 0.99809 0.2203 0.3526 0.1330
v -0.44938 4.23169 0.90517 0.3060 0.4897 0.1848
v -0.22703 3.98704 1.59244 0.3060 0.4897 0.1848
v -0.49694 4.41781 1.77604 0.2308 0.3641 0.1370
v 0.27723 4.81575 1.12356 0.2308 0.3641 0.1370
v 0.00374 4.09275 0.35812 0.3206 0.5057 0.1902
v -0.77042 3.69481 1.01060 0.3206 0.5057 0.1902
v -0.00734 3.37331 0.81244 0.2026 0.3332 0.1264
v -1.00883 3.53374 0.27007 0.2026 0.3332 0.1264
v -0.65356 4.57037 -0.07932 0.2814 0.4627 0.1755
v 0.34793 4.40994 0.46305 0.2814 0.4627 0.1755
v -0.39472 3.57394 0.61194 0.2343 0.3679 0.1383
v 0.05146 4.09917 0.64961 0.2343 0.3679 0.1383
v -0.40393 4.50883 0.33154 0.3254 0.5109 0.1920
v -0.85011 3.98360 0.29387 0.3254 0.5109 0.1920
v 0.56753 3.42687 0.78144 0.2078 0.3389 0.1283
v -0.70916 3.41214 0.23562 0.2078 0.3389 0.1283
v -0.70424 4.79982 0.18665 0.2886 0.4707 0.1782
v 0.57245 4.81455 0.73247 0.2886 0.4707 0.1782
v -0.46428 4.83246 1.14433 0.2180 0.3501 0.1322
v -0.79607 4.20835 1.17666 0.2180 0.3501 0.1322
v -0.34953 3.99721 1.68329 0.3028 0.4862 0.1836
v -0.01774 4.62131 1.65095 0.3028 0.4862 0.1836
v 1.03467 4.92248 1.18312 0.2186 0.3507 0.1324
v 0.58307 4.16331 0.10298 0.2186 0.3507 0.1324
v -0.66091 4.02561 0.71987 0.3036 0.4871 0.1839
v -0.20930 4.78478 1.80001 0.3036 0.4871 0.1839
v 0.47381 4.35688 1.85209 0.2282 0.3612 0.1360
v 0.13594 4.60642 1.14763 0.2282 0.3612 0.1360
v -0.18054 3.85829 1.03441 0.3169 0.5016 0.1888
v 0.15732 3.60875 1.73887 0.3169 0.5016 0.1888
v -0.69547 4.25883 1.15657 0.2711 0.4081 0.1521
v -0.77709 4.66609 0.48833 0.2711 0.4081 0.1521
v -0.36226 4.11891 0.10418 0.3765 0.5668 0.2112
v -0.28064 3.71165 0.77241 0.3765 0.5668 0.2112
v 0.86375 4.76704 1.49635 0.2786 0.4164 0.1549
v 0.18386 4.66632 0.87805 0.2786 0.4164 0.1549
v -0.29964 4.17049 1.49047 0.3870 0.5783 0.2151
v 0.38025 4.27120 2.10877 0.3870 0.5783 0.2151
v -0.12488 4.45207 1.27875 0.2173 0.3493 0.1319
v 0.07864 4.67385 0.53008 0.2173 0.3493 0.1319
v 0.20686 3.90118 0.33606 0.3018 0.4851 0.1832
v 0.00333 3.67941 1.08472 0.3018 0.4851 0.1832
v 0.10753 4.14192 0.97328 0.2385 0.3725 0.1398
v -0.90102 3.93235 0.20281 0.2385 0.3725 0.1398
v -1.21515 5.17765 0.27527 0.3313 0.5173 0.1942
v -0.20659 5.38723 1.04573 0.3313 0.5173 0.1942
v -1.08048 4.66733 1.39273 0.1935 0.3233 0.1230
v -0.21066 4.49996 1.82227 0.1935 0.3233 0.1230
v -0.05161 3.74796 1.20719 0.2688 0.4490 0.1708
v -0.92144 3.91533 0.77764 0.2688 0.4490 0.1708
v -0.72071 3.72335 0.48352 0.2712 0.4082 0.1521
v 0.18687 4.61864 0.90570 0.2712 0.4082 0.1521
v -0.69837 5.60905 0.70844 0.3766 0.5669 0.2112
v -1.60595 4.71376 0.28627 0.3766 0.5669 0.2112
v -0.44581 4.58673 0.18701 0.2254 0.3581 0.1349
v -0.93430 4.69163 0.65602 0.2254 0.3581 0.1349
v -0.53416 4.41000 1.13578 0.3131 0.4974 0.1874
v -0.04567 4.30509 0.66678 0.3131 0.4974 0.1874
v -0.10016 3.52037 0.39253 0.2661 0.4027 0.1502
v -0.80298 3.47076 1.58333 0.2661 0.4027 0.1502
v -1.40323 4.67979 1.27941 0.3696 0.5593 0.2086
v -0.70040 4.72940 0.08862 0.3696 0.5593 0.2086
v 0.52615 4.29194 2.02876 0.2464 0.3811 0.1428
v 0.88477 3.41419 1.15818 0.2464 0.3811 0.1428
v -0.04109 3.82419 0.36342 0.3422 0.5292 0.1983
v -0.39970 4.70194 1.23400 0.3422 0.5292 0.1983
v 0.12210 3.84781 0.52128 0.2211 0.3534 0.1333
v -0.98982 4.20779 0.92305 0.2211 0.3534 0.1333
v -0.88276 5.25718 0.27909 0.3070 0.4908 0.1851
v 0.22916 4.89720 -0.12269 0.3070 0.4908 0.1851
v -0.16384 4.24756 1.60100 0.2931 0.4322 0.1603
v -0.57370 4.99189 1.81887 0.2931 0.4322 0.1603
v -0.67624 5.18414 0.96917 0.4071 0.6002 0.2227
v -0.26638 4.43981 0.75130 0.4071 0.6002 0.2227
v -1.27510 4.86969 0.56955 0.2793 0.4171 0.1551
v -1.17004 5.73473 1.44083 0.2793 0.4171 0.1551
v -0.15751 5.17909 1.87040 0.3879 0.5793 0.2155
v -0.26257 4.31405 0.99912 0.3879 0.5793 0.2155
v -1.12734 5.18135 1.28749 0.2895 0.4282 0.1590
v -0.68640 5.72349 0.84167 0.2895 0.4282 0.1590
v -0.17419 5.11500 0.60832 0.4021 0.5948 0.2208
v -0.61512 4.57286 1.05413 0.4021 0.5948 0.2208
v 0.30171 5.21750 1.24941 0.3027 0.4427 0.1639
v -0.17678 5.24980 0.30928 0.3027 0.4427 0.1639
v -0.97733 4.68195 0.69721 0.4205 0.6149 0.2277
v -0.49885 4.64965 1.63734 0.4205 0.6149 0.2277
v -0.65570 5.95103 1.11811 0.2950 0.4342 0.1610
v -0.28465 4.69466 0.77358 0.2950 0.4342 0.1610
v -1.06701 4.19332 1.75919 0.4097 0.6031 0.2236
v -1.43805 5.44970 2.10372 0.4097 0.6031 0.2236
v 0.90856 5.55227 1.80110 0.2597 0.3956 0.1478
v -0.33203 5.98235 1.67455 0.2597 0.3956 0.1478
v -0.71587 4.77100 1.32055 0.3607 0.5495 0.2053
v 0.52471 4.34091 1.44710 0.3607 0.5495 0.2053
v -0.64921 4.53120 1.23129 0.2473 0.3821 0.1431
v -1.20917 5.06839 1.78540 0.2473 0.3821 0.1431
v -1.06591 5.81344 1.20786 0.3435 0.5306 0.1988
v -0.50595 5.27624 0.65376 0.3435 0.5306 0.1988
v -0.75077 4.44747 1.09151 0.2435 0.3780 0.1417
v -0.54787 5.58056 0.82721 0.2435 0.3780 0.1417
v 0.23654 5.24920 0.00879 0.3383 0.5250 0.1968
v 0.03365 4.11611 0.27310 0.3383 0.5250 0.1968
v -1.45651 4.45902 -1.30521 0.3290 0.4714 0.1738
v -2.01278 3.95687 -1.29324 0.3290 0.4714 0.1738
v -2.09317 4.06350 -0.55573 0.4569 0.6547 0.2413
v -1.53689 4.56565 -0.56770 0.4569 0.6547 0.2413
v -2.19964 4.75364 -1.33654 0.3256 0.4678 0.1725
v -1.67525 4.26656 -0.71941 0.3256 0.4678 0.1725
v -0.89638 4.68940 -1.04751 0.4523 0.6497 0.2396
v -1.42077 5.17649 -1.66463 0.4523 0.6497 0.2396
v -1.62315 4.71937 -0.37942 0.2998 0.4395 0.1628
v -0.73008 4.66664 -1.38402 0.2998 0.4395 0.1628
v -1.71574 4.35217 -2.24375 0.4164 0.6104 0.2261
v -2.60881 4.40490 -1.23915 0.4164 0.6104 0.2261
v -1.60248 4.08789 -0.73506 0.3249 0.4670 0.1723
v -1.76293 3.35542 -1.61145 0.3249 0.4670 0.1723
v -1.15626 4.05059 -2.30354 0.4513 0.6486 0.2392
v -0.99581 4.78306 -1.42715 0.4513 0.6486 0.2392
v -0.70386 4.55433 -0.68938 0.3235 0.4655 0.1717
v -1.45304 4.82143 -1.79593 0.3235 0.4655 0.1717
v -1.95906 3.55666 -1.75861 0.4494 0.6465 0.2385
v -1.20987 3.28957 -0.65206 0.4494 0.6465 0.2385
v -1.74175 4.12106 0.22711 0.3445 0.4884 0.1796
v -1.08140 4.47816 -0.48874 0.3445 0.4884 0.1796
v -1.59683 3.95820 -1.22358 0.4784 0.6783 0.2494
v -2.25718 3.60110 -0.50773 0.4784 0.6783 0.2494
v -1.27846 4.92238 -1.86710 0.3357 0.4788 0.1763
v -1.79025 4.49837 -1.34408 0.3357 0.4788 0.1763
v -1.12952 4.30842 -0.85153 0.4663 0.6650 0.2449
v -0.61773 4.73242 -1.37455 0.4663 0.6650 0.2449
v -1.45660 3.75711 -2.05944 0.2124 0.3439 0.1300
v -0.77378 4.74884 -1.89464 0.2124 0.3439 0.1300
v -0.99442 4.70232 -0.70046 0.2950 0.4777 0.1806
v -1.67723 3.71059 -0.86525 0.2950 0.4777 0.1806
v -1.72351 3.86913 -1.16563 0.2565 0.3921 0.1466
v -2.16931 4.40415 -1.99997 0.2565 0.3921 0.1466
v -1.78299 5.34044 -1.60598 0.3562 0.5446 0.2036
v -1.33718 4.80542 -0.77165 0.3562 0.5446 0.2036
v -1.60762 4.17947 -1.32224 0.2373 0.3711 0.1394
v -1.69412 4.78596 -0.98424 0.2373 0.3711 0.1394
v -1.04613 4.73415 -0.72544 0.3295 0.5154 0.1936
v -0.95963 4.12766 -1.06344 0.3295 0.5154 0.1936
v -0.60165 4.07541 -1.67900 0.2336 0.3671 0.1380
v -1.16195 3.80880 -1.23808 0.2336 0.3671 0.1380
v -1.27278 4.50729 -0.95657 0.3244 0.5099 0.1917
v -0.71249 4.77391 -1.39748 0.3244 0.5099 0.1917
v -0.61780 3.35729 -0.67808 0.1875 0.3167 0.1207
v -1.65972 3.38567 -1.31519 0.1875 0.3167 0.1207
v -1.85023 4.53650 -0.95238 0.2605 0.4399 0.1677
v -0.80830 4.50812 -0.31527 0.2605 0.4399 0.1677
v -2.29959 5.08136 -1.44893 0.2815 0.4195 0.1560
v -1.25649 5.18137 -0.49857 0.2815 0.4195 0.1560
v -0.45949 4.31410 -1.28208 0.3910 0.5827 0.2166
v -1.50259 4.21409 -2.23244 0.3910 0.5827 0.2166
v -1.75183 4.17588 -1.02848 0.2243 0.3570 0.1345
v -1.14615 5.27167 -1.18637 0.2243 0.3570 0.1345
v -0.75643 5.22910 0.01315 0.3116 0.4958 0.1868
v -1.36212 4.13331 0.17104 0.3116 0.4958 0.1868
v -0.71371 3.79976 -0.18035 0.3061 0.4464 0.1652
v -1.22233 3.83833 -1.09999 0.3061 0.4464 0.1652
v -0.98763 4.85974 -1.18696 0.4252 0.6201 0.2294
v -0.47901 4.82117 -0.26732 0.4252 0.6201 0.2294
v -1.99799 3.84661 -2.15193 0.3069 0.4473 0.1655
v -2.26839 4.58415 -1.02859 0.3069 0.4473 0.1655
v -0.97376 4.41992 -0.60914 0.4263 0.6213 0.2299
v -0.70336 3.68238 -1.73249 0.4263 0.6213 0.2299
v -1.66489 5.31580 -1.40420 0.3161 0.4573 0.1689
v -2.63879 4.64057 -0.81353 0.3161 0.4573 0.1689
v -1.75566 3.76565 -0.35759 0.4390 0.6352 0.2346
v -0.78176 4.44087 -0.94826 0.4390 0.6352 0.2346
v -0.70623 4.26715 -1.65405 0.3363 0.4794 0.1765
v -1.05667 5.04995 -1.47044 0.3363 0.4794 0.1765
v -0.78299 4.97774 -0.64027 0.4671 0.6658 0.2451
v -0.43255 4.19494 -0.82388 0.4671 0.6658 0.2451
v -1.74765 3.48582 -0.46984 0.3017 0.4416 0.1636
v -0.61510 4.05727 -0.26443 0.3017 0.4416 0.1636
v -0.95305 5.01158 -1.05594 0.4191 0.6134 0.2272
v -2.08560 4.44013 -1.26135 0.4191 0.6134 0.2272
v -1.09495 4.41392 -2.13645 0.3011 0.4409 0.1633
v -1.48823 4.76997 -1.54800 0.3011 0.4409 0.1633
v -1.11863 4.30771 -1.02129 0.4182 0.6124 0.2268
v -0.72536 3.95166 -1.60974 0.4182 0.6124 0.2268
v -1.69815 4.55807 -1.26555 0.3005 0.4403 0.1631
v -1.26859 4.09777 -0.99716 0.3005 0.4403 0.1631
v -1.68512 4.02266 -0.45930 0.4174 0.6116 0.2265
v -2.11468 4.48297 -0.72768 0.4174 0.6116 0.2265
v -1.77997 3.42811 -0.34776 0.2072 0.3383 0.1281
v -2.72098 4.41043 -0.17778 0.2072 0.3383 0.1281
v -2.00085 5.24186 -0.99600 0.2878 0.4698 0.1779
v -1.05984 4.25954 -1.16598 0.2878 0.4698 0.1779
v -0.94861 4.14589 -1.05755 0.2232 0.3557 0.1341
v -1.53760 4.50713 -1.05513 0.2232 0.3557 0.1341
v -1.36458 4.78515 -0.44670 0.3099 0.4940 0.1862
v -0.77559 4.42391 -0.44912 0.3099 0.4940 0.1862
v -1.21459 5.25464 -0.93457 0.2269 0.3598 0.1355
v -1.72670 4.02742 -1.14657 0.2269 0.3598 0.1355
v -2.03918 3.93215 0.15978 0.3152 0.4997 0.1882
v -1.52706 5.15937 0.37178 0.3152 0.4997 0.1882
v -2.02236 3.78370 -1.87499 0.2468 0.3816 0.1430
v -1.64360 3.84055 -0.55537 0.2468 0.3816 0.1430
v -2.07923 5.14192 -0.48639 0.3428 0.5300 0.1986
v -2.45799 5.08507 -1.80601 0.3428 0.5300 0.1986
v -1.55853 4.12167 -0.50318 0.2279 0.3609 0.1359
v -0.91171 4.72714 -0.67864 0.2279 0.3609 0.1359
v -1.26004 4.86089 -1.50116 0.3166 0.5012 0.1887
v -1.90686 4.25542 -1.32570 0.3166 0.5012 0.1887
v -1.58959 5.17497 -0.60211 0.2419 0.3761 0.1411
v -1.41904 3.99106 -0.32555 0.2419 0.3761 0.1411
v -2.62646 3.85882 -0.14702 0.3359 0.5224 0.1960
v -2.79701 5.04274 -0.42359 0.3359 0.5224 0.1960
v -2.37009 3.76394 0.43679 0.2443 0.3788 0.1420
v -2.20347 3.27170 -0.75900 0.2443 0.3788 0.1420
v -1.77454 4.43015 -1.17609 0.3393 0.5261 0.1972
v -1.94116 4.92238 0.01969 0.3393 0.5261 0.1972
v -1.86175 3.50595 0.03507 0.2084 0.3395 0.1285
v -2.02188 4.82528 0.00610 0.2084 0.3395 0.1285
v -1.39200 4.87605 -1.16343 0.2894 0.4715 0.1785
v -1.23187 3.55672 -1.13446 0.2894 0.4715 0.1785
v -1.23407 4.01054 -0.78646 0.2668 0.4034 0.1504
v -0.39707 4.39789 -0.84263 0.2668 0.4034 0.1504
v -0.52499 4.54330 -1.74609 0.3705 0.5603 0.2089
v -1.36199 4.15595 -1.68993 0.3705 0.5603 0.2089
v -1.16526 3.69992 -0.75968 0.2710 0.4080 0.1520
v -0.70168 4.19399 -1.74436 0.2710 0.4080 0.1520
v -1.20862 5.23815 -1.45911 0.3764 0.5667 0.2112
v -1.67220 4.74407 -0.47443 0.3764 0.5667 0.2112
v -2.35356 4.11329 -0.45211 0.1828 0.3115 0.1189
v -1.64059 4.62205 -1.48194 0.1828 0.3115 0.1189
v -0.80679 3.55915 -1.42979 0.2539 0.4327 0.1652
v -1.51975 3.05038 -0.39996 0.2539 0.4327 0.1652
v -1.58446 4.24164 -2.29656 0.1775 0.3057 0.1170
v -2.34432 3.95922 -1.42323 0.1775 0.3057 0.1170
v -1.49424 3.31509 -0.89190 0.2465 0.4246 0.1624
v -0.73437 3.59751 -1.76523 0.2465 0.4246 0.1624
v -0.48340 4.25713 -0.29117 0.2492 0.3842 0.1439
v -1.12872 4.59711 -1.41238 0.2492 0.3842 0.1439
v -2.05495 3.66518 -1.16187 0.3462 0.5336 0.1998
v -1.40963 3.32520 -0.04066 0.3462 0.5336 0.1998
v -1.41213 3.07050 -1.15242 0.1790 0.3074 0.1175
v -1.15027 3.86232 -2.15689 0.1790 0.3074 0.1175
v -2.18961 4.59164 -1.85292 0.2486 0.4269 0.1632
v -2.45147 3.79981 -0.84845 0.2486 0.4269 0.1632
v -1.89154 3.79478 -0.90122 0.3142 0.4553 0.1682
v -2.09306 4.75776 -0.75967 0.3142 0.4553 0.1682
v -1.71665 4.96817 -1.65522 0.4364 0.6323 0.2337
v -1.51514 4.00520 -1.79678 0.4364 0.6323 0.2337
v -1.24979 3.86566 0.43157 0.3227 0.4646 0.1714
v -2.33083 3.63836 -0.26932 0.3227 0.4646 0.1714
v -1.76404 4.17701 -1.31820 0.4482 0.6453 0.2381
v -0.68301 4.40431 -0.61732 0.4482 0.6453 0.2381
v -0.98552 4.55674 -0.43830 0.3243 0.4663 0.1720
v -1.49413 3.89212 -0.34874 0.3243 0.4663 0.1720
v -1.13732 3.52876 -1.01888 0.4504 0.6477 0.2389
v -0.62871 4.19338 -1.10844 0.4504 0.6477 0.2389
v -2.08054 4.31702 -0.89143 0.3446 0.4885 0.1796
v -2.36413 3.76883 -0.59268 0.3446 0.4885 0.1796
v -1.74010 3.52964 -0.43920 0.4786 0.6785 0.2495
v -1.45650 4.07783 -0.73795 0.4786 0.6785 0.2495
v -1.66351 3.40559 -1.26185 0.3115 0.4523 0.1672
v -0.72672 3.39196 -0.25374 0.3115 0.4523 0.1672
v -1.07190 4.68057 0.08446 0.4327 0.6282 0.2323
v -2.00869 4.69421 -0.92365 0.4327 0.6282 0.2323
v -1.33111 4.18079 -0.71306 0.3358 0.4789 0.1763
v -1.34243 3.67546 -1.79580 0.3358 0.4789 0.1763
v -2.25055 4.38279 -2.11643 0.4664 0.6652 0.2449
v -2.23923 4.88813 -1.03369 0.4664 0.6652 0.2449
v -1.73259 4.14082 -1.64962 0.3405 0.4840 0.1781
v -1.16747 4.14602 -1.23487 0.3405 0.4840 0.1781
v -1.22278 4.84166 -1.16823 0.4729 0.6722 0.2473
v -1.78790 4.83645 -1.58298 0.4729 0.6722 0.2473
v -0.99143 4.07947 -0.35410 0.2230 0.3555 0.1340
v -0.59296 3.33818 -1.26073 0.2230 0.3555 0.1340
v -1.51844 3.72568 -1.98433 0.3098 0.4938 0.1862
v -1.91692 4.46697 -1.07770 0.3098 0.4938 0.1862
v -1.49083 4.48096 -0.93842 0.2604 0.3964 0.1481
v -2.06021 4.50416 -1.51001 0.2604 0.3964 0.1481
v -2.62208 4.32992 -0.95739 0.3617 0.5506 0.2056
v -2.05270 4.30671 -0.38580 0.3617 0.5506 0.2056
v -1.86413 4.82358 -0.92395 0.2161 0.3480 0.1314
v -1.12884 4.36449 -1.18084 0.2161 0.3480 0.1314
v -1.57406 4.05663 -1.90500 0.3002 0.4833 0.1826
v -2.30935 4.51572 -1.64812 0.3002 0.4833 0.1826
v -1.45123 4.30907 -1.35487 0.1953 0.3252 0.1237
v -2.27237 4.02769 -1.67056 0.1953 0.3252 0.1237
v -2.45872 3.64951 -0.84877 0.2713 0.4517 0.1717
v -1.63758 3.93089 -0.53307 0.2713 0.4517 0.1717
v -1.07659 2.93562 -1.49331 0.2562 0.3919 0.1465
v -1.88902 3.86387 -1.78131 0.2562 0.3919 0.1465
v -1.26079 4.65184 -1.01380 0.3559 0.5443 0.2035
v -0.44836 3.72358 -0.72580 0.3559 0.5443 0.2035
v -1.56883 3.45299 -1.28011 0.1809 0.3094 0.1182
v -2.13370 3.90001 -1.93832 0.1809 0.3094 0.1182
v -2.65069 4.30740 -1.21797 0.2512 0.4298 0.1642
v -2.08582 3.86038 -0.55976 0.2512 0.4298 0.1642
v -1.45980 3.22875 -1.58539 0.2095 0.3408 0.1290
v -1.75502 4.41826 -1.64597 0.2095 0.3408 0.1290
v -1.97562 4.42499 -0.43888 0.2910 0.4733 0.1791
v -1.68040 3.23548 -0.37830 0.2910 0.4733 0.1791
v -1.51104 4.66179 0.14883 0.2600 0.3960 0.1479
v -0.62713 4.05133 -0.59927 0.2600 0.3960 0.1479
v -1.34934 4.30651 -1.66082 0.3612 0.5500 0.2054
v -2.23325 4.91696 -0.91273 0.3612 0.5500 0.2054
v -1.31224 3.47006 -0.40898 0.2413 0.3755 0.1409
v -2.02971 3.16999 -1.33160 0.2413 0.3755 0.1409
v -1.75481 4.20758 -1.88284 0.3352 0.5216 0.1957
v -1.03735 4.50766 -0.96022 0.3352 0.5216 0.1957
v -1.00190 3.94797 -0.71839 0.2638 0.4001 0.1493
v -1.43951 3.92778 -1.40807 0.2638 0.4001 0.1493
v -2.07992 4.24362 -1.01097 0.3663 0.5557 0.2074
v -1.64231 4.26381 -0.32129 0.3663 0.5557 0.2074
v -0.77213 2.98669 -0.98049 0.1878 0.3170 0.1208
v -1.65567 3.52623 -1.69364 0.1878 0.3170 0.1208
v -1.53297 4.59242 -1.03902 0.2609 0.4403 0.1678
v -0.64943 4.05287 -0.32587 0.2609 0.4403 0.1678
v -2.10148 5.12197 -1.16829 0.2497 0.3847 0.1440
v -2.41035 3.89264 -0.91912 0.2497 0.3847 0.1440
v -1.15751 3.57773 -0.91978 0.3468 0.5343 0.2000
v -0.84864 4.80707 -1.16895 0.3468 0.5343 0.2000
v -0.58603 3.97337 -1.20678 0.1962 0.3262 0.1240
v -1.22623 3.38783 -0.10027 0.1962 0.3262 0.1240
v -2.35764 4.19041 -0.33018 0.2725 0.4531 0.1722
v -1.71744 4.77595 -1.43668 0.2725 0.4531 0.1722
v -1.82467 4.35646 -0.66471 0.2448 0.3794 0.1422
v -2.52118 4.68885 -1.20365 0.2448 0.3794 0.1422
v -2.59532 3.85037 -1.62498 0.3400 0.5269 0.1975
v -1.89881 3.51797 -1.08604 0.3400 0.5269 0.1975
v -2.12797 4.90563 -0.32612 0.2428 0.3771 0.1414
v -1.68100 4.82541 -0.95727 0.2428 0.3771 0.1414
v -2.19513 5.23420 -1.37334 0.3372 0.5238 0.1964
v -2.64211 5.31443 -0.74219 0.3372 0.5238 0.1964
v -2.04271 4.81111 0.52101 0.2357 0.3694 0.1388
v -1.15113 4.20607 0.11337 0.2357 0.3694 0.1388
v -1.52549 4.37914 -0.96229 0.3273 0.5130 0.1927
v -2.41706 4.98418 -0.55465 0.3273 0.5130 0.1927
v -1.19100 4.22337 -0.99768 0.2325 0.3659 0.1376
v -2.10140 3.64433 -0.25871 0.2325 0.3659 0.1376
v -2.40752 4.80053 0.27014 0.3229 0.5082 0.1911
v -1.49712 5.37957 -0.46883 0.3229 0.5082 0.1911
v -2.55219 3.92059 -0.56470 0.2224 0.3549 0.1338
v -2.37806 4.44888 0.09453 0.2224 0.3549 0.1338
v -1.84357 4.90123 -0.40914 0.3089 0.4929 0.1858
v -2.01769 4.37294 -1.06837 0.3089 0.4929 0.1858
v -2.01833 5.01281 -0.48934 0.2817 0.4197 0.1560
v -1.98102 4.67808 0.15205 0.2817 0.4197 0.1560
v -1.33600 4.40258 -0.02924 0.3913 0.5829 0.2167
v -1.37331 4.73731 -0.67063 0.3913 0.5829 0.2167
v -1.32563 5.88767 -1.38088 0.2206 0.3529 0.1331
v -0.59033 4.82402 -0.89299 0.2206 0.3529 0.1331
v -1.65017 3.97442 -1.14793 0.3064 0.4902 0.1849
v -2.38546 5.03808 -1.63582 0.3064 0.4902 0.1849
v -2.39855 4.14744 -1.07313 0.2370 0.3708 0.1393
v -1.40417 4.95456 -1.49049 0.2370 0.3708 0.1393
v -1.89216 5.95084 -0.72647 0.3292 0.5151 0.1934
v -2.88653 5.14372 -0.30911 0.3292 0.5151 0.1934
v -1.12390 5.44397 0.24115 0.2516 0.3868 0.1448
v -0.32501 5.25762 -0.62326 0.2516 0.3868 0.1448
v -1.20500 5.20451 -1.42510 0.3495 0.5372 0.2011
v -2.00389 5.39085 -0.56069 0.3495 0.5372 0.2011
v -1.28564 4.41371 -1.76066 0.2297 0.3628 0.1365
v -1.95078 4.35879 -0.95667 0.2297 0.3628 0.1365
v -1.78872 5.37086 -0.75347 0.3190 0.5039 0.1896
v -1.12358 5.42578 -1.55747 0.3190 0.5039 0.1896
v -0.74869 5.00505 -0.23648 0.2277 0.3606 0.1358
v -1.26653 5.63854 -1.24729 0.2277 0.3606 0.1358
v -2.45083 5.23335 -0.89451 0.3162 0.5009 0.1886
v -1.93299 4.59986 0.11631 0.3162 0.5009 0.1886
v -2.06505 4.63308 -1.09355 0.2294 0.3625 0.1364
v -1.06464 5.16590 -0.89491 0.2294 0.3625 0.1364
v -1.40555 5.40613 0.17759 0.3187 0.5035 0.1895
v -2.40595 4.87330 -0.02106 0.3187 0.5035 0.1895
v -1.47032 4.32859 -0.62679 0.2627 0.3989 0.1489
v -0.76912 4.94778 -1.07834 0.2627 0.3989 0.1489
v -0.77590 5.56481 -0.24276 0.3648 0.5540 0.2068
v -1.47709 4.94562 0.20879 0.3648 0.5540 0.2068
v -1.68891 5.17989 -0.38966 0.2770 0.4146 0.1543
v -2.09387 4.71666 -1.26356 0.2770 0.4146 0.1543
v -1.86166 5.59006 -1.83411 0.3847 0.5758 0.2143
v -1.45670 6.05328 -0.96021 0.3847 0.5758 0.2143
v -1.13233 5.31724 -1.75205 0.3052 0.4454 0.1648
v -0.97948 5.44357 -0.79310 0.3052 0.4454 0.1648
v -1.94432 5.39501 -0.63292 0.4238 0.6186 0.2289
v -2.09716 5.26868 -1.59188 0.4238 0.6186 0.2289
v -0.50275 5.24642 -1.08082 0.2791 0.4169 0.1551
v -0.66712 5.84037 -0.11097 0.2791 0.4169 0.1551
v -1.55551 5.16151 0.15422 0.3877 0.5790 0.2154
v -1.39114 4.56755 -0.81563 0.3877 0.5790 0.2154
v -0.46888 4.73044 -0.87284 0.2223 0.3547 0.1337
v -0.93712 5.40512 -0.83526 0.2223 0.3547 0.1337
v -1.11747 5.23628 -0.05115 0.3087 0.4926 0.1858
v -0.64922 4.56160 -0.08873 0.3087 0.4926 0.1858
v -0.40405 4.91839 -0.77258 0.2921 0.4311 0.1599
v -1.21866 5.58989 -0.21402 0.2921 0.4311 0.1599
v -0.38057 5.97570 0.54443 0.4057 0.5987 0.2221
v 0.43404 5.30420 -0.01413 0.4057 0.5987 0.2221
v -1.15166 5.58069 -0.25318 0.2601 0.3961 0.1479
v -0.51452 5.33475 -0.44607 0.2601 0.3961 0.1479
v -0.62724 5.56244 -1.10871 0.3612 0.5501 0.2055
v -1.26438 5.80838 -0.91583 0.3612 0.5501 0.2055
v -0.50320 4.95646 -0.09753 0.2672 0.4039 0.1506
v -0.91326 5.65837 0.29907 0.2672 0.4039 0.1506
v -0.47329 6.22605 -0.25074 0.3711 0.5609 0.2092
v -0.06323 5.52414 -0.64733 0.3711 0.5609 0.2092
v -0.69889 4.77440 0.20606 0.2252 0.3579 0.1348
v -0.04957 4.54538 -0.13834 0.2252 0.3579 0.1348
v -0.03286 5.20044 -0.54243 0.3127 0.4971 0.1873
v -0.68217 5.42946 -0.19803 0.3127 0.4971 0.1873
v -1.51165 4.29971 -0.34433 0.3106 0.4513 0.1669
v -2.35900 5.38025 -0.05470 0.3106 0.4513 0.1669
v -1.24350 6.22379 0.06178 0.4313 0.6268 0.2317
v -0.39615 5.14325 -0.22786 0.4313 0.6268 0.2317
v -1.30498 5.31907 0.89879 0.3051 0.4453 0.1648
v -0.45941 5.20833 -0.20237 0.3051 0.4453 0.1648
v -1.28396 4.22095 -0.73623 0.4238 0.6185 0.2289
v -2.12953 4.33170 0.36493 0.4238 0.6185 0.2289
v -0.11309 4.66165 0.15478 0.3082 0.4486 0.1660
v -0.32580 5.20112 -0.27089 0.3082 0.4486 0.1660
v -0.92744 5.27023 0.11733 0.4280 0.6231 0.2305
v -0.71474 4.73076 0.54300 0.4280 0.6231 0.2305
v -0.31218 5.61851 0.15335 0.3207 0.4624 0.1707
v -1.28055 5.57381 -0.81157 0.3207 0.4624 0.1707
v -2.12549 4.95085 0.06525 0.4455 0.6422 0.2371
v -1.15712 4.99555 1.03017 0.4455 0.6422 0.2371
v -1.78893 4.91409 0.37069 0.3032 0.4432 0.1641
v -1.03743 4.84081 -0.13926 0.3032 0.4432 0.1641
v -0.80178 5.69169 0.08575 0.4211 0.6156 0.2279
v -1.55327 5.76497 0.59570 0.4211 0.6156 0.2279
v -1.88482 4.54995 -0.17302 0.3197 0.4613 0.1703
v -1.46771 5.13455 0.76329 0.3197 0.4613 0.1703
v -0.60677 5.58866 0.09623 0.4441 0.6407 0.2365
v -1.02388 5.00407 -0.84009 0.4441 0.6407 0.2365
v -1.25392 5.84891 -0.25754 0.3358 0.4788 0.1763
v -0.26652 5.42675 0.60443 0.3358 0.4788 0.1763
v 0.01617 4.37286 -0.23555 0.4663 0.6650 0.2449
v -0.97124 4.79502 -1.09752 0.4663 0.6650 0.2449
v -0.61889 5.57053 0.90431 0.3148 0.4559 0.1685
v 0.20632 4.84028 0.66420 0.3148 0.4559 0.1685
v 0.13848 5.12199 -0.42572 0.4373 0.6332 0.2340
v -0.68674 5.85223 -0.18561 0.4373 0.6332 0.2340
v -0.38851 5.95480 0.59800 0.2859 0.4243 0.1576
v -0.53180 4.62153 0.62112 0.2859 0.4243 0.1576
v -1.66523 4.73105 -0.08741 0.3971 0.5893 0.2189
v -1.52194 6.06432 -0.11054 0.3971 0.5893 0.2189
v -1.43696 5.17591 0.75793 0.3165 0.4577 0.1691
v -1.10822 5.39824 0.16488 0.3165 0.4577 0.1691
v -1.64115 5.85639 0.04122 0.4395 0.6357 0.2348
v -1.96990 5.63405 0.63426 0.4395 0.6357 0.2348
v -1.07209 5.48305 1.06509 0.3083 0.4488 0.1660
v -2.21543 6.20829 1.04486 0.3083 0.4488 0.1660
v -2.33305 5.98574 -0.28564 0.4282 0.6233 0.2306
v -1.18972 5.26049 -0.26541 0.4282 0.6233 0.2306
v -1.39382 6.15758 1.00497 0.2676 0.4043 0.1508
v -1.20130 5.11349 0.62221 0.2676 0.4043 0.1508
v -2.17285 5.14456 0.04880 0.3717 0.5615 0.2094
v -2.36536 6.18865 0.43155 0.3717 0.5615 0.2094
v -0.89011 5.80309 -0.83892 0.2568 0.3925 0.1467
v -0.94740 6.53482 0.20403 0.2568 0.3925 0.1467
v -1.46501 5.56749 0.85428 0.3567 0.5451 0.2038
v -1.40772 4.83576 -0.18868 0.3567 0.5451 0.2038
v -1.36063 5.50402 -0.44975 0.2896 0.4284 0.1590
v -0.87729 4.92356 -0.12672 0.2896 0.4284 0.1590
v -0.69978 5.42138 0.50222 0.4022 0.5949 0.2208
v -1.18311 6.00185 0.17919 0.4022 0.5949 0.2208
v -1.36768 4.86055 0.02747 0.2492 0.3842 0.1438
v -1.69814 5.38875 -0.32386 0.2492 0.3842 0.1438
v -1.39818 5.86790 0.11439 0.3461 0.5335 0.1998
v -1.06773 5.33970 0.46571 0.3461 0.5335 0.1998
v 0.54293 5.19382 0.50842 0.3005 0.4402 0.1631
v 0.31038 5.38843 -0.13045 0.3005 0.4402 0.1631
v -0.15926 5.82175 0.17250 0.4173 0.6114 0.2265
v 0.07329 5.62713 0.81137 0.4173 0.6114 0.2265
v -0.96153 6.26753 0.26323 0.3431 0.4869 0.1791
v -0.02483 6.11079 1.07045 0.3431 0.4869 0.1791
v 0.60685 5.46458 0.21198 0.4766 0.6763 0.2487
v -0.32986 5.62132 -0.59524 0.4766 0.6763 0.2487
v 0.31234 5.53616 -0.64888 0.3019 0.4418 0.1636
v -0.48100 6.10701 -0.16145 0.3019 0.4418 0.1636
v -0.80036 5.20850 0.37104 0.4193 0.6136 0.2272
v -0.00702 4.63765 -0.11639 0.4193 0.6136 0.2272
v 0.30414 6.08199 0.79025 0.3050 0.4452 0.1648
v -0.15463 6.36740 -0.48782 0.3050 0.4452 0.1648
v -1.09313 5.35127 -0.37786 0.4237 0.6184 0.2289
v -0.63436 5.06586 0.90021 0.4237 0.6184 0.2289
v 0.83915 6.20988 0.71885 0.3069 0.4473 0.1655
v 0.65044 4.83453 0.82561 0.3069 0.4473 0.1655
v -0.29596 4.88521 -0.19438 0.4262 0.6212 0.2298
v -0.10725 6.26056 -0.30114 0.4262 0.6212 0.2298
v -0.12152 6.17605 0.30375 0.3381 0.4814 0.1772
v -0.49182 6.21813 0.91637 0.3381 0.4814 0.1772
v -0.03426 5.75994 1.22442 0.4696 0.6686 0.2461
v 0.33605 5.71787 0.61180 0.4696 0.6686 0.2461
v -0.00131 5.98470 0.25013 0.3428 0.4865 0.1790
v -1.01687 5.42207 0.03914 0.3428 0.4865 0.1790
v -0.80620 4.70066 0.94888 0.4761 0.6758 0.2485
v 0.20936 5.26330 1.15987 0.4761 0.6758 0.2485
v -0.27068 5.88528 0.30259 0.2639 0.4003 0.1494
v -0.82598 5.38988 0.04429 0.2639 0.4003 0.1494
v -0.37755 5.21189 -0.57839 0.3665 0.5559 0.2075
v 0.17775 5.70729 -0.32008 0.3665 0.5559 0.2075
v -0.05433 6.74753 -0.29538 0.3362 0.4793 0.1765
v -0.22838 6.06458 0.82020 0.3362 0.4793 0.1765
v -0.78779 5.08614 0.13393 0.4669 0.6657 0.2451
v -0.61374 5.76910 -0.98165 0.4669 0.6657 0.2451
v 0.28919 6.44622 0.33904 0.2934 0.4326 0.1604
v 0.34681 5.77911 0.98767 0.2934 0.4326 0.1604
v 0.83277 5.24650 0.39671 0.4076 0.6008 0.2228
v 0.77515 5.91361 -0.25192 0.4076 0.6008 0.2228
v -0.11116 5.73941 0.54648 0.2762 0.4136 0.1540
v -0.10592 5.09266 0.99813 0.2762 0.4136 0.1540
v -0.32256 4.65719 0.37705 0.3836 0.5745 0.2138
v -0.32779 5.30395 -0.07460 0.3836 0.5745 0.2138
v -0.53981 6.10960 0.62036 0.2698 0.4066 0.1516
v 0.44338 6.19256 0.28106 0.2698 0.4066 0.1516
v 0.21490 5.57868 -0.53110 0.3747 0.5648 0.2105
v -0.76829 5.49572 -0.19181 0.3747 0.5648 0.2105
v 0.18939 5.93829 -0.02004 0.2752 0.4126 0.1536
v -0.28168 5.17274 0.48988 0.2752 0.4126 0.1536
v -0.98566 5.84153 0.84359 0.3822 0.5730 0.2133
v -0.51459 6.60707 0.33367 0.3822 0.5730 0.2133
v 0.49172 6.24244 1.25120 0.2691 0.4059 0.1513
v 0.23326 5.49882 0.82497 0.2691 0.4059 0.1513
v 0.76717 5.70741 0.13731 0.3738 0.5638 0.2102
v 1.02563 6.45102 0.56354 0.3738 0.5638 0.2102
v 0.53825 4.54680 0.70901 0.3081 0.4486 0.1659
v 0.24130 3.80598 1.31549 0.3081 0.4486 0.1659
v 0.21376 3.17786 0.53476 0.4279 0.6230 0.2305
v 0.51071 3.91869 -0.07172 0.4279 0.6230 0.2305
v 0.75269 4.06752 0.40577 0.3086 0.4491 0.1661
v 0.33667 3.46389 0.51199 0.3086 0.4491 0.1661
v 0.39138 3.55518 1.24507 0.4286 0.6238 0.2307
v 0.80740 4.15881 1.13885 0.4286 0.6238 0.2307
v 0.19952 3.54716 0.15906 0.3369 0.4801 0.1767
v 1.04312 3.04724 0.68122 0.3369 0.4801 0.1767
v 1.00153 3.81482 1.48329 0.4679 0.6668 0.2455
v 0.15793 4.31473 0.96113 0.4679 0.6668 0.2455
v 0.41789 3.41602 0.43778 0.3150 0.4561 0.1685
v 1.18498 4.08654 1.24732 0.3150 0.4561 0.1685
v 1.91754 3.02680 1.43092 0.4375 0.6335 0.2340
v 1.15044 2.35628 0.62138 0.4375 0.6335 0.2340
v 1.44204 3.21814 0.62320 0.3081 0.4486 0.1659
v 0.35397 3.76553 1.05936 0.3081 0.4486 0.1659
v 0.35429 4.57214 0.04785 0.4279 0.6230 0.2305
v 1.44236 4.02475 -0.38831 0.4279 0.6230 0.2305
v -0.13410 3.72316 0.67478 0.3233 0.4652 0.1716
v 0.41961 3.26877 0.96078 0.3233 0.4652 0.1716
v 0.89208 3.48601 0.39119 0.4490 0.6461 0.2384
v 0.33837 3.94039 0.10519 0.4490 0.6461 0.2384
v 1.41245 2.76349 1.40057 0.3023 0.4423 0.1638
v 1.36225 2.99979 0.09878 0.3023 0.4423 0.1638
v 0.89994 4.21726 0.33760 0.4199 0.6143 0.2275
v 0.95014 3.98097 1.63939 0.4199 0.6143 0.2275
v -0.33187 2.85247 1.43500 0.3009 0.4407 0.1632
v -0.85628 3.27995 1.10352 0.3009 0.4407 0.1632
v -0.39272 3.87303 1.13500 0.4179 0.6121 0.2267
v 0.13169 3.44555 1.46648 0.4179 0.6121 0.2267
v 0.58301 3.05460 1.79891 0.3043 0.4444 0.1645
v -0.57567 3.00986 1.16481 0.3043 0.4444 0.1645
v -0.26522 4.12045 0.51916 0.4226 0.6172 0.2285
v 0.89346 4.16519 1.15327 0.4226 0.6172 0.2285
v 0.35730 3.09199 0.14568 0.3182 0.4596 0.1697
v -0.39468 3.28658 0.24566 0.3182 0.4596 0.1697
v -0.20611 3.68163 0.89506 0.4420 0.6384 0.2357
v 0.54587 3.48704 0.79508 0.4420 0.6384 0.2357
v 0.25853 3.31195 0.61602 0.3427 0.4865 0.1789
v -0.32495 3.18389 1.37800 0.3427 0.4865 0.1789
v 0.43348 3.27143 1.97347 0.4760 0.6756 0.2485
v 1.01696 3.39948 1.21149 0.4760 0.6756 0.2485
v 1.21358 3.86322 0.75421 0.3106 0.4513 0.1669
v 0.52856 4.07054 0.16226 0.3106 0.4513 0.1669
v -0.09321 3.73092 0.76285 0.4314 0.6268 0.2318
v 0.59181 3.52360 1.35480 0.4314 0.6268 0.2318
v 0.24994 2.89024 0.42765 0.3234 0.4653 0.1717
v 0.25639 3.90209 -0.52029 0.3234 0.4653 0.1717
v 0.59268 4.82059 0.46242 0.4491 0.6462 0.2384
v 0.58623 3.80875 1.41036 0.4491 0.6462 0.2384
v 0.43276 3.17780 0.81520 0.3195 0.4610 0.1702
v 0.11239 4.17905 0.88400 0.3195 0.4610 0.1702
v -0.58148 4.01027 0.10944 0.4437 0.6403 0.2364
v -0.26111 3.00901 0.04064 0.4437 0.6403 0.2364
v 1.43013 4.82416 0.36581 0.2694 0.4063 0.1514
v 0.54876 4.88321 0.38105 0.2694 0.4063 0.1514
v 0.55198 4.70781 1.24693 0.3742 0.5643 0.2103
v 1.43335 4.64876 1.23169 0.3742 0.5643 0.2103
v 2.02736 4.79783 1.21621 0.2302 0.3634 0.1367
v 1.71558 4.95848 2.05263 0.2302 0.3634 0.1367
v 1.02380 4.39113 1.90373 0.3197 0.5047 0.1899
v 1.33558 4.23048 1.06731 0.3197 0.5047 0.1899
v 1.82218 4.35767 0.56781 0.2452 0.3798 0.1424
v 1.66329 3.95794 1.23231 0.2452 0.3798 0.1424
v 1.21463 4.55858 1.48635 0.3406 0.5275 0.1977
v 1.37351 4.95831 0.82184 0.3406 0.5275 0.1977
v 0.54525 4.93096 0.33625 0.2454 0.3801 0.1424
v 0.81092 4.18138 1.36426 0.2454 0.3801 0.1424
v 1.99552 3.94402 0.88505 0.3409 0.5279 0.1978
v 1.72984 4.69360 -0.14296 0.3409 0.5279 0.1978
v 2.19887 4.08070 0.96025 0.2581 0.3939 0.1472
v 1.34153 4.15865 1.52060 0.2581 0.3939 0.1472
v 1.27041 5.15313 1.27345 0.3584 0.5470 0.2044
v 2.12776 5.07518 0.71310 0.3584 0.5470 0.2044
v 1.73148 5.09382 -0.24673 0.2406 0.3747 0.1406
v 0.87093 4.13209 0.01076 0.2406 0.3747 0.1406
v 1.01798 4.34592 1.30089 0.3341 0.5204 0.1953
v 1.87854 5.30765 1.04340 0.3341 0.5204 0.1953
v 2.43814 4.43945 1.69051 0.2150 0.3467 0.1310
v 2.07306 3.97489 1.25907 0.2150 0.3467 0.1310
v 1.64087 4.52150 1.03621 0.2986 0.4816 0.1820
v 2.00595 4.98606 1.46765 0.2986 0.4816 0.1820
v -0.21621 4.18365 -0.63028 0.2334 0.3669 0.1379
v 0.84787 4.25528 -1.13264 0.2334 0.3669 0.1379
v 0.39006 4.89422 -2.01124 0.3241 0.5095 0.1916
v -0.67401 4.82259 -1.50888 0.3241 0.5095 0.1916
v -0.68060 5.01096 -1.30702 0.2628 0.3990 0.1490
v -0.28537 5.54686 -0.23801 0.2628 0.3990 0.1490
v 0.85474 5.03836 -0.40461 0.3650 0.5542 0.2069
v 0.45951 4.50246 -1.47362 0.3650 0.5542 0.2069
v 0.23290 5.02996 -1.28466 0.2654 0.4019 0.1499
v -0.78053 5.97993 -1.33872 0.2654 0.4019 0.1499
v -1.67454 5.05632 -0.80946 0.3686 0.5582 0.2082
v -0.66110 4.10635 -0.75540 0.3686 0.5582 0.2082
v -0.29327 4.67563 -2.01789 0.2495 0.3845 0.1440
v -0.28682 3.90533 -1.07966 0.2495 0.3845 0.1440
v 0.17826 4.77356 -0.37004 0.3465 0.5340 0.1999
v 0.17180 5.54385 -1.30827 0.3465 0.5340 0.1999
v -0.18815 4.38240 -0.87987 0.2663 0.4028 0.1502
v -0.87235 4.84241 -0.29843 0.2663 0.4028 0.1502
v -0.55461 5.73919 -0.63404 0.3698 0.5595 0.2087
v 0.12959 5.27918 -1.21547 0.3698 0.5595 0.2087
v 0.66865 4.31483 -0.17904 0.2288 0.3619 0.1362
v 0.25791 3.97904 -1.36848 0.2288 0.3619 0.1362
v -0.84031 4.65316 -1.17956 0.3178 0.5026 0.1892
v -0.42958 4.98895 0.00988 0.3178 0.5026 0.1892
v -0.05164 4.77561 -2.20102 0.2463 0.3810 0.1428
v -0.15522 4.78316 -1.15814 0.2463 0.3810 0.1428
v 0.60376 4.06494 -1.07756 0.3421 0.5292 0.1983
v 0.70734 4.05739 -2.12044 0.3421 0.5292 0.1983
v 0.23294 3.59050 1.65657 0.2501 0.3851 0.1442
v 0.04171 3.98936 2.62927 0.2501 0.3851 0.1442
v 0.25226 4.97253 2.26751 0.3473 0.5349 0.2002
v 0.44349 4.57367 1.29481 0.3473 0.5349 0.2002
v -0.35944 4.72890 1.56758 0.2516 0.3868 0.1447
v -0.17309 4.92077 2.53739 0.2516 0.3868 0.1447
v 0.79918 4.70653 2.39296 0.3494 0.5372 0.2010
v 0.61283 4.51466 1.42314 0.3494 0.5372 0.2010
v 0.83451 3.39712 0.85819 0.2692 0.4061 0.1514
v 1.32813 4.45039 1.41507 0.2692 0.4061 0.1514
v 0.13725 4.86827 1.68028 0.3739 0.5640 0.2102
v -0.35636 3.81501 1.12340 0.3739 0.5640 0.2102
v 0.83124 5.19772 1.67055 0.2497 0.3848 0.1441
v 0.33435 4.64597 1.37968 0.2497 0.3848 0.1441
v 0.15080 4.41989 2.12206 0.3469 0.5344 0.2001
v 0.64768 4.97164 2.41294 0.3469 0.5344 0.2001
v -1.05386 4.25161 1.11375 0.2324 0.3657 0.1375
v 0.12493 4.93690 0.74342 0.2324 0.3657 0.1375
v 0.63198 4.77176 2.05183 0.3227 0.5080 0.1910
v -0.54681 4.08647 2.42215 0.3227 0.5080 0.1910
v 0.68933 4.12727 0.64927 0.2303 0.3635 0.1368
v -0.55896 4.11544 0.28117 0.2303 0.3635 0.1368
v -0.83768 4.99608 1.19803 0.3199 0.5049 0.1899
v 0.41061 5.00792 1.56614 0.3199 0.5049 0.1899
v 0.35046 5.16871 1.87882 0.2353 0.3689 0.1386
v 1.16782 4.01762 1.77779 0.2353 0.3689 0.1386
v 0.04351 3.25393 1.38286 0.3267 0.5124 0.1925
v -0.77386 4.40501 1.48389 0.3267 0.5124 0.1925
v 0.59889 3.82851 -0.12326 0.1786 0.3069 0.1174
v 0.85778 3.27892 -0.45394 0.1786 0.3069 0.1174
v 1.20220 3.69887 -0.88224 0.2481 0.4263 0.1630
v 0.94331 4.24846 -0.55156 0.2481 0.4263 0.1630
v 0.29023 4.07065 -0.77723 0.2371 0.3709 0.1393
v 0.75705 3.75830 -1.73516 0.2371 0.3709 0.1393
v 0.07266 2.88518 -1.78398 0.3293 0.5152 0.1935
v -0.39416 3.19753 -0.82605 0.3293 0.5152 0.1935
v 1.69004 3.64954 0.02365 0.2089 0.3401 0.1287
v 0.86592 4.43413 0.05593 0.2089 0.3401 0.1287
v 0.25933 3.82778 -0.69252 0.2902 0.4724 0.1788
v 1.08345 3.04319 -0.72480 0.2902 0.4724 0.1788
v -0.14171 4.56705 -0.21360 0.2080 0.3391 0.1284
v 0.02936 3.48033 0.02354 0.2080 0.3391 0.1284
v 0.82443 3.43201 -0.77144 0.2889 0.4709 0.1783
v 0.65336 4.51873 -1.00858 0.2889 0.4709 0.1783
v 0.75205 4.28148 -0.38119 0.2025 0.3331 0.1264
v 1.30164 3.71530 -1.44668 0.2025 0.3331 0.1264
v 0.09568 3.41991 -1.91176 0.2813 0.4627 0.1755
v -0.45391 3.98610 -0.84626 0.2813 0.4627 0.1755
v 0.54608 3.29076 -1.06999 0.1836 0.3124 0.1193
v 0.01352 2.73542 -0.29056 0.1836 0.3124 0.1193
v 0.23257 3.53298 0.42737 0.2550 0.4340 0.1656
v 0.76513 4.08832 -0.35205 0.2550 0.4340 0.1656
v -0.18474 3.87180 -0.26643 0.1866 0.3157 0.1204
v 0.37542 3.68506 -0.89516 0.1866 0.3157 0.1204
v 0.31890 2.84756 -0.69678 0.2591 0.4384 0.1672
v -0.24126 3.03430 -0.06805 0.2591 0.4384 0.1672
v -0.08442 3.39090 -2.19741 0.3199 0.4615 0.1704
v 0.32472 4.53853 -2.64266 0.3199 0.4615 0.1704
v 0.96831 4.73908 -1.53438 0.4444 0.6410 0.2366
v 0.55916 3.59145 -1.08913 0.4444 0.6410 0.2366
v 0.16294 3.54109 -1.70075 0.3433 0.4871 0.1792
v 0.09570 4.51835 -1.31293 0.3433 0.4871 0.1792
v 0.95685 4.79249 -1.85446 0.4769 0.6766 0.2488
v 1.02408 3.81523 -2.24227 0.4769 0.6766 0.2488
v 0.48774 4.70466 -1.19922 0.3165 0.4577 0.1691
v -0.15347 4.12644 -1.18753 0.3165 0.4577 0.1691
v 0.37655 3.53193 -1.52107 0.4396 0.6358 0.2348
v 1.01776 4.11015 -1.53277 0.4396 0.6358 0.2348
v 1.26066 3.77820 -1.30871 0.3351 0.4781 0.1761
v 0.96573 3.33975 -2.11659 0.3351 0.4781 0.1761
v 0.15862 3.86930 -2.10933 0.4654 0.6640 0.2445
v 0.45355 4.30774 -1.30145 0.4654 0.6640 0.2445
v 0.16070 3.01322 -1.71743 0.3143 0.4554 0.1683
v -0.22858 3.01555 -0.61449 0.3143 0.4554 0.1683
v 0.31920 4.03113 -0.42330 0.4365 0.6325 0.2337
v 0.70848 4.02880 -1.52624 0.4365 0.6325 0.2337
v 0.27251 3.54461 -2.16173 0.3100 0.4506 0.1666
v 0.60573 3.95779 -1.59676 0.3100 0.4506 0.1666
v 0.67141 3.31636 -1.16641 0.4305 0.6258 0.2314
v 0.33820 2.90318 -1.73138 0.4305 0.6258 0.2314
v 0.84495 4.17967 -1.66175 0.3056 0.4459 0.1650
v 0.62809 3.59976 -1.02833 0.3056 0.4459 0.1650
v 1.15066 4.02910 -0.45637 0.4245 0.6193 0.2292
v 1.36752 4.60900 -1.08979 0.4245 0.6193 0.2292
v -1.26369 5.67790 0.87780 0.2327 0.3662 0.1377
v -0.00388 5.40887 1.29253 0.2327 0.3662 0.1377
v 0.05364 4.36100 0.43804 0.3232 0.5085 0.1912
v -1.20617 4.63003 0.02331 0.3232 0.5085 0.1912
v -1.27301 4.57891 0.97903 0.2407 0.3749 0.1407
v -0.74941 5.03925 1.12022 0.2407 0.3749 0.1407
v -0.35526 4.74927 0.60393 0.3343 0.5206 0.1954
v -0.87885 4.28893 0.46274 0.3343 0.5206 0.1954
v 0.38958 4.72735 0.72576 0.2621 0.3983 0.1487
v -0.10789 5.60353 1.35042 0.2621 0.3983 0.1487
v -1.11991 5.45643 0.75080 0.3641 0.5532 0.2065
v -0.62244 4.58025 0.12614 0.3641 0.5532 0.2065
v -1.01075 4.91818 1.38566 0.2544 0.3899 0.1458
v -0.92313 4.30970 1.01608 0.2544 0.3899 0.1458
v -0.34401 4.15404 1.40966 0.3534 0.5415 0.2025
v -0.43163 4.76252 1.77924 0.3534 0.5415 0.2025
v -0.50599 5.48681 0.81168 0.2847 0.4230 0.1572
v 0.36361 5.20140 1.13844 0.2847 0.4230 0.1572
v 0.53316 4.75124 0.29401 0.3955 0.5875 0.2183
v -0.33645 5.03665 -0.03274 0.3955 0.5875 0.2183
v -0.52513 5.42931 1.18727 0.2739 0.4111 0.1531
v -0.08851 5.12595 2.29130 0.2739 0.4111 0.1531
v 0.62243 4.27158 1.77538 0.3803 0.5710 0.2126
v 0.18581 4.57494 0.67135 0.3803 0.5710 0.2126
v -0.03806 4.67766 0.53584 0.2936 0.4327 0.1605
v 0.17220 5.23345 1.03539 0.2936 0.4327 0.1605
v -0.41048 5.03046 1.50650 0.4078 0.6010 0.2229
v -0.62074 4.47466 1.00695 0.4078 0.6010 0.2229
v -0.70500 3.58165 1.22417 0.2189 0.3510 0.1325
v -0.68528 4.18654 1.79296 0.2189 0.3510 0.1325
v -1.37281 4.51742 1.46491 0.3040 0.4875 0.1840
v -1.39253 3.91254 0.89612 0.3040 0.4875 0.1840
v -1.16917 5.16163 1.53664 0.2276 0.3606 0.1358
v -1.94846 4.09753 1.16484 0.2276 0.3606 0.1358
v -0.93464 3.23828 1.49907 0.3162 0.5008 0.1886
v -0.15534 4.30239 1.87086 0.3162 0.5008 0.1886
v -1.21396 3.95411 1.21795 0.2392 0.3732 0.1401
v -1.07164 3.74097 2.43269 0.2392 0.3732 0.1401
v -0.17397 4.59738 2.47778 0.3322 0.5184 0.1946
v -0.31629 4.81051 1.26304 0.3322 0.5184 0.1946
v -0.57806 5.17451 0.63083 0.2340 0.3675 0.1381
v 0.02715 4.44854 0.69688 0.2340 0.3675 0.1381
v -0.36351 4.19801 1.52289 0.3250 0.5104 0.1919
v -0.96872 4.92398 1.45684 0.3250 0.5104 0.1919
v -1.05145 4.88676 1.04902 0.2244 0.3570 0.1345
v -0.06860 4.82093 0.75861 0.2244 0.3570 0.1345
v -0.03210 3.85356 1.10142 0.3116 0.4959 0.1869
v -1.01495 3.91939 1.39182 0.3116 0.4959 0.1869
v -0.56836 4.47054 1.96096 0.2668 0.4034 0.1505
v -1.10880 4.37786 0.66959 0.2668 0.4034 0.1505
v 0.12392 4.76879 0.12564 0.3706 0.5603 0.2090
v 0.66436 4.86146 1.41701 0.3706 0.5603 0.2090
v -0.54328 4.47945 0.36661 0.2768 0.4144 0.1542
v -1.67632 4.70018 0.43238 0.2768 0.4144 0.1542
v -1.66626 4.41772 1.55352 0.3845 0.5756 0.2142
v -0.53323 4.19698 1.48775 0.3845 0.5756 0.2142
v -0.83004 2.76268 -0.35467 0.2241 0.3567 0.1344
v -0.10766 3.73452 -0.98172 0.2241 0.3567 0.1344
v -1.03647 3.78143 -1.97902 0.3113 0.4955 0.1867
v -1.75885 2.80960 -1.35196 0.3113 0.4955 0.1867
v -1.34864 3.77411 -0.95886 0.1805 0.3090 0.1181
v -1.39247 2.83105 -0.82610 0.1805 0.3090 0.1181
v -0.45109 2.76803 -0.96293 0.2507 0.4292 0.1640
v -0.40725 3.71109 -1.09569 0.2507 0.4292 0.1640
v -0.70433 3.25887 -0.58241 0.2344 0.3680 0.1383
v -0.71802 3.25693 -1.78343 0.2344 0.3680 0.1383
v -1.72332 3.91411 -1.77303 0.3256 0.5111 0.1921
v -1.70963 3.91605 -0.57201 0.3256 0.5111 0.1921
v -0.83993 4.16888 -1.25536 0.1644 0.2914 0.1120
v -1.73075 3.54724 -1.73675 0.1644 0.2914 0.1120
v -1.33202 2.56306 -1.20370 0.2283 0.4047 0.1556
v -0.44120 3.18470 -0.72230 0.2283 0.4047 0.1556
v -1.42311 3.38437 -1.23260 0.2222 0.3547 0.1337
v -0.84869 3.18557 -1.54747 0.2222 0.3547 0.1337
v -1.00742 3.57846 -2.08512 0.3087 0.4926 0.1857
v -1.58184 3.77726 -1.77025 0.3087 0.4926 0.1857
v -0.29525 3.74788 -1.26706 0.2045 0.3352 0.1271
v -0.97912 4.11628 -1.78103 0.2045 0.3352 0.1271
v -1.59999 3.58145 -1.33828 0.2840 0.4656 0.1765
v -0.91613 3.21305 -0.82431 0.2840 0.4656 0.1765
v -0.62718 3.08234 -1.77889 0.2043 0.3351 0.1270
v -0.97039 2.89178 -0.92660 0.2043 0.3351 0.1270
v -1.52940 3.64328 -0.98368 0.2838 0.4654 0.1764
v -1.18619 3.83385 -1.83597 0.2838 0.4654 0.1764
v 0.75460 4.96529 0.45590 0.2946 0.4338 0.1609
v 1.75360 4.84301 0.97015 0.2946 0.4338 0.1609
v 2.08207 5.84811 0.57105 0.4092 0.6026 0.2234
v 1.08306 5.97039 0.05680 0.4092 0.6026 0.2234
v 1.78237 5.30508 1.00644 0.2952 0.4345 0.1611
v 1.61941 5.06632 0.36567 0.2952 0.4345 0.1611
v 1.11477 4.66379 0.64399 0.4100 0.6034 0.2238
v 1.27773 4.90255 1.28477 0.4100 0.6034 0.2238
v 1.69727 5.74526 1.25529 0.2587 0.3946 0.1474
v 2.17327 4.78959 1.15853 0.2587 0.3946 0.1474
v 1.22874 4.34356 0.91733 0.3593 0.5480 0.2047
v 0.75274 5.29923 1.01410 0.3593 0.5480 0.2047
v 1.82048 4.81880 0.09260 0.3014 0.4413 0.1634
v 1.34741 4.76513 0.81935 0.3014 0.4413 0.1634
v 1.61046 5.56059 1.04933 0.4187 0.6129 0.2270
v 2.08353 5.61426 0.32258 0.4187 0.6129 0.2270
v 1.61074 5.25281 0.45818 0.2288 0.3618 0.1362
v 2.00444 5.03461 1.41752 0.2288 0.3618 0.1362
v 1.08106 4.59601 1.69670 0.3178 0.5026 0.1892
v 0.68736 4.81421 0.73736 0.3178 0.5026 0.1892
v 1.90756 5.93134 0.80264 0.2995 0.4392 0.1627
v 0.87839 5.51965 0.24946 0.2995 0.4392 0.1627
v 0.53235 4.96840 1.30353 0.4160 0.6100 0.2260
v 1.56152 5.38009 1.85671 0.4160 0.6100 0.2260
v 2.09242 5.69721 0.62868 0.3044 0.4446 0.1646
v 1.24677 5.34793 1.23268 0.3044 0.4446 0.1646
v 1.20700 4.42453 0.64301 0.4228 0.6175 0.2286
v 2.05265 4.77382 0.03902 0.4228 0.6175 0.2286
v -0.38213 4.16729 -2.02740 0.3405 0.4840 0.1781
v -1.18254 4.92785 -1.74748 0.3405 0.4840 0.1781
v -1.59538 4.20664 -0.96845 0.4729 0.6722 0.2473
v -0.79497 3.44609 -1.24838 0.4729 0.6722 0.2473
v -1.62800 3.66720 -1.98016 0.3347 0.4777 0.1759
v -1.11223 4.68753 -2.28288 0.3347 0.4777 0.1759
v -0.63975 4.76945 -1.20178 0.4649 0.6635 0.2443
v -1.15552 3.74912 -0.89905 0.4649 0.6635 0.2443
v -0.79584 4.30394 -1.85441 0.3273 0.4696 0.1732
v -0.16014 4.51991 -1.50746 0.3273 0.4696 0.1732
v 0.24415 4.09368 -1.98288 0.4546 0.6523 0.2405
v -0.39156 3.87771 -2.32984 0.4546 0.6523 0.2405
v -0.59767 4.65182 -2.12777 0.3201 0.4617 0.1704
v 0.33112 3.89043 -1.63396 0.3201 0.4617 0.1704
v -0.55421 2.97496 -1.38031 0.4446 0.6413 0.2367
v -1.48300 3.73635 -1.87412 0.4446 0.6413 0.2367
v -0.76141 3.10313 -1.77398 0.3129 0.4538 0.1677
v 0.30180 3.36124 -1.31216 0.3129 0.4538 0.1677
v -0.11442 4.40925 -0.93968 0.4346 0.6303 0.2330
v -1.17763 4.15114 -1.40150 0.4346 0.6303 0.2330
v -0.19645 3.98829 -0.44896 0.3002 0.4399 0.1630
v -0.21079 4.82710 -0.85985 0.3002 0.4399 0.1630
v -0.92396 4.55190 -1.39675 0.4169 0.6110 0.2263
v -0.90963 3.71310 -0.98587 0.4169 0.6110 0.2263
v -1.95762 3.68231 -1.14849 0.3308 0.4734 0.1745
v -1.17985 3.13931 -1.35617 0.3308 0.4734 0.1745
v -0.60173 3.82514 -0.98425 0.4595 0.6576 0.2423
v -1.37950 4.36814 -0.77657 0.4595 0.6576 0.2423
v 2.02193 4.62125 -1.66232 0.3073 0.4478 0.1657
v 1.28058 4.30466 -2.16085 0.3073 0.4478 0.1657
v 0.70036 4.54606 -1.45133 0.4269 0.6219 0.2301
v 1.44171 4.86266 -0.95279 0.4269 0.6219 0.2301
v 0.02781 3.94829 -1.23227 0.3005 0.4402 0.1631
v 0.04733 4.76171 -1.84765 0.3005 0.4402 0.1631
v 0.74089 5.20243 -1.24311 0.4173 0.6114 0.2265
v 0.72137 4.38901 -0.62772 0.4173 0.6114 0.2265
v 1.06823 4.72581 -1.59431 0.3116 0.4524 0.1672
v 0.00502 4.58181 -1.34862 0.3116 0.4524 0.1672
v 0.28716 3.92030 -0.51537 0.4328 0.6283 0.2323
v 1.35037 4.06429 -0.76107 0.4328 0.6283 0.2323
v 0.41820 4.34814 -1.06730 0.3352 0.4782 0.1761
v 0.60818 5.43792 -0.76105 0.3352 0.4782 0.1761
v 1.57070 5.11897 -0.22315 0.4656 0.6642 0.2446
v 1.38072 4.02918 -0.52940 0.4656 0.6642 0.2446
v 0.84531 4.98433 -0.13568 0.3135 0.4545 0.1680
v 1.69195 4.14964 -0.50024 0.3135 0.4545 0.1680
v 1.83041 4.75953 -1.57508 0.4355 0.6313 0.2333
v 0.98377 5.59422 -1.21052 0.4355 0.6313 0.2333
v 0.96269 4.88976 -1.07608 0.3151 0.4562 0.1685
v 1.23467 4.01150 -1.11058 0.3151 0.4562 0.1685
v 1.00446 3.97518 -2.00063 0.4376 0.6336 0.2341
v 0.73248 4.85344 -1.96612 0.4376 0.6336 0.2341
v 0.13339 4.61968 -2.20885 0.2999 0.4396 0.1628
v -0.09362 3.90868 -1.11688 0.2999 0.4396 0.1628
v 1.13873 4.15166 -0.70248 0.4165 0.6105 0.2262
v 1.36574 4.86266 -1.79445 0.4165 0.6105 0.2262
v -0.79968 4.33882 -0.04096 0.2535 0.3889 0.1455
v -1.03597 4.42156 -1.12365 0.2535 0.3889 0.1455
v -0.70032 3.37337 -1.27701 0.3521 0.5401 0.2020
v -0.46403 3.29062 -0.19433 0.3521 0.5401 0.2020
v -0.55920 3.84859 -0.26514 0.2438 0.3783 0.1418
v -0.64074 3.58203 -0.94230 0.2438 0.3783 0.1418
v -1.36825 3.59466 -0.85967 0.3386 0.5254 0.1970
v -1.28671 3.86122 -0.18251 0.3386 0.5254 0.1970
v -0.88673 3.18758 -0.34248 0.2103 0.3416 0.1293
v -1.57382 3.66780 -0.43131 0.2103 0.3416 0.1293
v -1.77531 3.24938 -1.13481 0.2921 0.4744 0.1795
v -1.08822 2.76916 -1.04598 0.2921 0.4744 0.1795
v -1.07940 3.37225 -0.87873 0.2328 0.3662 0.1377
v -1.13298 2.65559 -0.01417 0.2328 0.3662 0.1377
v -0.20759 3.11776 0.42628 0.3233 0.5086 0.1912
v -0.15401 3.83441 -0.43828 0.3233 0.5086 0.1912
v -1.55199 2.67597 -0.92141 0.2252 0.3580 0.1349
v -1.29826 3.79520 -1.03064 0.2252 0.3580 0.1349
v -0.86015 3.79995 0.03567 0.3128 0.4972 0.1873
v -1.11387 2.68072 0.14490 0.3128 0.4972 0.1873
v -1.11650 3.47890 -0.47153 0.1877 0.3169 0.1208
v -0.50481 3.17939 -0.71922 0.1877 0.3169 0.1208
v -0.16864 3.35530 -0.10175 0.2608 0.4402 0.1678
v -0.78033 3.65482 0.14594 0.2608 0.4402 0.1678
v -0.75891 3.99276 -1.00208 0.2044 0.3352 0.1271
v -1.19435 3.76884 -0.51239 0.2044 0.3352 0.1271
v -0.86629 3.15911 -0.49949 0.2840 0.4656 0.1765
v -0.43085 3.38304 -0.98918 0.2840 0.4656 0.1765
v -0.61173 5.28014 -0.98548 0.3370 0.4802 0.1768
v 0.20979 5.05303 -0.47488 0.3370 0.4802 0.1768
v 0.75047 5.14658 -1.30320 0.4681 0.6670 0.2455
v -0.07105 5.37369 -1.81379 0.4681 0.6670 0.2455
v 0.50999 4.55435 -1.22359 0.3114 0.4522 0.1672
v -0.17378 5.25218 -0.51755 0.3114 0.4522 0.1672
v 0.63836 5.15239 0.36759 0.4325 0.6280 0.2322
v 1.32212 4.45456 -0.33845 0.4325 0.6280 0.2322
v 1.59468 4.22970 -0.71251 0.3236 0.4656 0.1718
v 0.80532 5.09422 0.00697 0.3236 0.4656 0.1718
v 0.38046 5.67888 -1.16170 0.4495 0.6466 0.2386
v 1.16982 4.81436 -1.88117 0.4495 0.6466 0.2386
v 0.24770 5.58692 -0.15034 0.3100 0.4507 0.1667
v 1.17625 5.18474 -0.86461 0.3100 0.4507 0.1667
v 1.28035 4.17207 -0.15909 0.4306 0.6260 0.2315
v 0.35181 4.57424 0.55518 0.4306 0.6260 0.2315
v 0.77326 5.22130 -0.47428 0.3428 0.4866 0.1790
v 0.18049 5.64683 -1.08450 0.3428 0.4866 0.1790
v 0.15571 4.85572 -1.61210 0.4761 0.6758 0.2486
v 0.74848 4.43019 -1.00188 0.4761 0.6758 0.2486
v -0.79838 4.40386 -0.78173 0.3107 0.4514 0.1669
v -0.35175 5.00124 0.40837 0.3107 0.4514 0.1669
v 0.97985 4.80492 0.00717 0.4315 0.6270 0.2318
v 0.53322 4.20755 -1.18292 0.4315 0.6270 0.2318
v 0.19492 4.79943 0.58357 0.3045 0.4446 0.1646
v 0.89631 5.54713 -0.08062 0.3045 0.4446 0.1646
v 0.64219 4.89576 -1.08226 0.4229 0.6175 0.2286
v -0.05920 4.14805 -0.41807 0.4229 0.6175 0.2286
v -1.51741 3.61117 -0.75043 0.2157 0.3475 0.1313
v -1.25806 4.35488 -0.13212 0.2157 0.3475 0.1313
v -1.94077 4.94909 -0.56048 0.2995 0.4826 0.1823
v -2.20012 4.20538 -1.17879 0.2995 0.4826 0.1823
v -2.04730 4.67028 -1.20038 0.2663 0.4029 0.1503
v -2.56947 5.16565 -0.85651 0.2663 0.4029 0.1503
v -2.13393 5.16086 -0.18823 0.3699 0.5595 0.2087
v -1.61176 4.66549 -0.53210 0.3699 0.5595 0.2087
v -2.04993 4.01594 -1.28149 0.2361 0.3698 0.1389
v -1.96161 3.74316 0.02477 0.2361 0.3698 0.1389
v -0.97769 4.64082 0.14570 0.3279 0.5136 0.1930
v -1.06601 4.91360 -1.16056 0.3279 0.5136 0.1930
v -2.25917 4.79494 -1.17084 0.2887 0.4274 0.1587
v -2.16379 5.23672 -0.33823 0.2887 0.4274 0.1587
v -1.30438 4.85230 -0.23271 0.4010 0.5936 0.2204
v -1.39976 4.41052 -1.06532 0.4010 0.5936 0.2204
v -2.12391 3.79784 -0.69490 0.2056 0.3364 0.1275
v -1.40305 4.79582 -0.03113 0.2056 0.3364 0.1275
v -0.52533 4.88373 -1.11652 0.2855 0.4673 0.1771
v -1.24619 3.88575 -1.78029 0.2855 0.4673 0.1771
v -2.12905 4.56590 -0.72115 0.1996 0.3299 0.1252
v -2.80213 4.66369 -0.08386 0.1996 0.3299 0.1252
v -2.49419 3.90305 0.35810 0.2772 0.4582 0.1739
v -1.82111 3.80526 -0.27919 0.2772 0.4582 0.1739
v -2.41853 4.58679 -0.46402 0.2514 0.3866 0.1447
v -1.88213 4.32671 -0.07773 0.2514 0.3866 0.1447
v -2.34691 3.99084 0.34151 0.3492 0.5369 0.2010
v -2.88330 4.25092 -0.04478 0.3492 0.5369 0.2010
v -0.65610 5.53791 -0.50230 0.3078 0.4482 0.1658
v -1.24380 5.03876 -1.40379 0.3078 0.4482 0.1658
v -1.92933 4.45332 -0.63273 0.4275 0.6225 0.2303
v -1.34162 4.95247 0.26876 0.4275 0.6225 0.2303
v -1.88397 5.53572 0.28347 0.3156 0.4568 0.1688
v -1.28563 4.96771 0.44472 0.3156 0.4568 0.1688
v -0.99578 5.05027 -0.34003 0.4384 0.6345 0.2344
v -1.59412 5.61828 -0.50127 0.4384 0.6345 0.2344
v -1.78840 5.42845 -0.30918 0.3015 0.4414 0.1635
v -0.94396 5.38765 -0.94267 0.3015 0.4414 0.1635
v -1.47933 4.77537 -1.61687 0.4188 0.6130 0.2270
v -2.32376 4.81617 -0.98338 0.4188 0.6130 0.2270
v -1.33010 5.33365 0.35534 0.3248 0.4669 0.1722
v -0.47353 4.84529 -0.31066 0.3248 0.4669 0.1722
v -0.81359 5.51113 -1.23628 0.4511 0.6484 0.2392
v -1.67016 5.99950 -0.57028 0.4511 0.6484 0.2392
v -1.04941 5.69856 0.28025 0.3174 0.4587 0.1694
v -1.99738 5.66858 0.09805 0.3174 0.4587 0.1694
v -1.90801 4.76018 -0.21746 0.4408 0.6371 0.2353
v -0.96004 4.79016 -0.03526 0.4408 0.6371 0.2353
v -1.69123 5.51727 -0.35701 0.3277 0.4700 0.1733
v -1.37039 6.28914 -0.82825 0.3277 0.4700 0.1733
v -0.62915 5.77824 -1.16040 0.4551 0.6528 0.2407
v -0.94999 5.00638 -0.68916 0.4551 0.6528 0.2407
v -1.54462 5.90219 -1.11607 0.3315 0.4742 0.1747
v -0.90450 6.02055 -0.46467 0.3315 0.4742 0.1747
v -0.38826 5.36402 -0.85268 0.4604 0.6586 0.2427
v -1.02838 5.24566 -1.50408 0.4604 0.6586 0.2427
v -0.45567 3.88631 1.06846 0.2655 0.4020 0.1500
v -0.55555 4.48198 0.32106 0.2655 0.4020 0.1500
v -0.85334 5.17665 0.91450 0.3688 0.5583 0.2083
v -0.75346 4.58097 1.66190 0.3688 0.5583 0.2083
v -1.48729 4.26066 1.07347 0.2518 0.3870 0.1448
v -0.68780 4.12057 0.83280 0.2518 0.3870 0.1448
v -0.52031 4.94701 0.90815 0.3497 0.5375 0.2011
v -1.31981 5.08709 1.14882 0.3497 0.5375 0.2011
v -0.77755 4.35775 1.15377 0.2316 0.3649 0.1372
v -0.79221 4.47979 0.37650 0.2316 0.3649 0.1372
v -1.13247 5.17976 0.49282 0.3217 0.5068 0.1906
v -1.11781 5.05772 1.27010 0.3217 0.5068 0.1906
v -0.16641 4.51401 0.27007 0.2722 0.4093 0.1525
v -1.00936 4.99634 -0.04434 0.2722 0.4093 0.1525
v -1.54167 4.55589 0.70714 0.3780 0.5684 0.2118
v -0.69872 4.07356 1.02155 0.3780 0.5684 0.2118
v -1.29756 4.71489 0.85110 0.2765 0.4140 0.1541
v -1.60444 4.11491 1.22960 0.2765 0.4140 0.1541
v -2.10473 4.59033 1.57760 0.3840 0.5750 0.2140
v -1.79785 5.19031 1.19910 0.3840 0.5750 0.2140
v -0.56319 4.43383 1.31728 0.2205 0.3528 0.1331
v -0.58284 4.32772 0.35005 0.2205 0.3528 0.1331
v -1.16720 5.10254 0.27693 0.3063 0.4900 0.1849
v -1.14755 5.20865 1.24415 0.3063 0.4900 0.1849
v -0.20885 5.08591 0.48749 0.2774 0.4150 0.1544
v -0.78367 4.41752 0.84735 0.2774 0.4150 0.1544
v -1.53238 4.84225 0.44028 0.3853 0.5764 0.2145
v -0.95756 5.51065 0.08043 0.3853 0.5764 0.2145
v -0.49137 3.39279 -1.66419 0.3145 0.4555 0.1683
v -0.36093 3.95233 -1.02394 0.3145 0.4555 0.1683
v -0.88618 3.49596 -0.51810 0.4367 0.6327 0.2338
v -1.01661 2.93642 -1.15835 0.4367 0.6327 0.2338
v -0.89479 2.64175 -0.22122 0.3280 0.4703 0.1734
v -0.74283 3.54384 0.05517 0.3280 0.4703 0.1734
v -0.43160 3.76019 -0.82208 0.4555 0.6533 0.2408
v -0.58356 2.85810 -1.09848 0.4555 0.6533 0.2408
v -0.74233 3.71537 -1.04402 0.3369 0.4801 0.1767
v -1.18274 2.95403 -0.70820 0.3369 0.4801 0.1767
v -0.37822 2.66146 -0.31637 0.4679 0.6668 0.2455
v 0.06220 3.42280 -0.65219 0.4679 0.6668 0.2455
v -0.06858 3.05749 -1.45079 0.3302 0.4727 0.1742
v -0.21549 3.16485 -0.54423 0.3302 0.4727 0.1742
v 0.43552 3.82089 -0.51642 0.4586 0.6566 0.2420
v 0.58242 3.71353 -1.42298 0.4586 0.6566 0.2420
v -1.10815 3.41347 -0.57181 0.3007 0.4405 0.1632
v -0.17514 2.88465 -0.25526 0.3007 0.4405 0.1632
v 0.43058 3.77745 -0.54911 0.4176 0.6118 0.2266
v -0.50243 4.30627 -0.86565 0.4176 0.6118 0.2266
v -0.73815 3.49149 -0.26793 0.3222 0.4640 0.1712
v 0.09567 3.02538 -0.72430 0.3222 0.4640 0.1712
v 0.00998 3.68135 -1.55082 0.4474 0.6444 0.2378
v -0.82384 4.14745 -1.09445 0.4474 0.6444 0.2378
v -1.41553 3.10572 -0.18885 0.3350 0.4780 0.1760
v -1.17168 4.22495 -0.68510 0.3350 0.4780 0.1760
v -0.26527 3.71977 -1.37908 0.4652 0.6638 0.2445
v -0.50911 2.60054 -0.88282 0.4652 0.6638 0.2445
v -0.08343 3.39060 0.90316 0.3020 0.4420 0.1637
v -0.48174 4.35771 0.33475 0.3020 0.4420 0.1637
v -1.59022 3.92579 0.37664 0.4195 0.6138 0.2273
v -1.19191 2.95868 0.94504 0.4195 0.6138 0.2273
v -0.41495 3.37520 0.87329 0.3234 0.4653 0.1717
v -0.58343 2.74416 0.66052 0.3234 0.4653 0.1717
v -0.83861 3.00806 0.07990 0.4492 0.6463 0.2384
v -0.67014 3.63910 0.29268 0.4492 0.6463 0.2384
v -0.89920 3.46986 1.19982 0.3231 0.4650 0.1715
v -1.12613 4.40824 0.97458 0.3231 0.4650 0.1715
v -1.71156 4.09044 0.24037 0.4487 0.6458 0.2383
v -1.48463 3.15205 0.46561 0.4487 0.6458 0.2383
v -1.16912 2.78822 0.08936 0.3019 0.4418 0.1636
v -0.85135 3.15239 1.05191 0.3019 0.4418 0.1636
v -0.11808 3.77912 0.57271 0.4193 0.6136 0.2273
v -0.43585 3.41495 -0.38984 0.4193 0.6136 0.2273
v -1.23515 3.56956 -0.42329 0.3419 0.4855 0.1786
v -1.15367 2.97882 0.49061 0.3419 0.4855 0.1786
v -1.13206 3.89598 1.08153 0.4748 0.6744 0.2481
v -1.21354 4.48672 0.16763 0.4748 0.6744 0.2481
v -0.93636 3.20660 1.02935 0.3362 0.4793 0.1765
v -0.38326 3.09719 0.33199 0.3362 0.4793 0.1765
v -0.99260 3.47042 -0.20987 0.4669 0.6657 0.2451
v -1.54571 3.57982 0.48750 0.4669 0.6657 0.2451
v -0.20228 3.98395 1.35337 0.3022 0.4421 0.1637
v -1.13397 3.62751 1.43987 0.3022 0.4421 0.1637
v -0.91284 2.89325 0.79602 0.4197 0.6140 0.2274
v 0.01885 3.24969 0.70952 0.4197 0.6140 0.2274
v 0.16483 4.19660 1.77827 0.1957 0.3256 0.1238
v -0.16989 3.43093 1.72086 0.1957 0.3256 0.1238
v 0.41281 3.21840 1.15794 0.2718 0.4523 0.1719
v 0.74753 3.98407 1.21535 0.2718 0.4523 0.1719
v 0.05843 2.59013 1.40112 0.2312 0.3645 0.1371
v 0.46931 3.48779 1.38937 0.2312 0.3645 0.1371
v -0.35497 3.87015 1.77554 0.3211 0.5062 0.1904
v -0.76585 2.97249 1.78729 0.3211 0.5062 0.1904
v -0.52010 3.49154 0.73644 0.1545 0.2806 0.1083
v 0.10072 2.40382 1.07380 0.1545 0.2806 0.1083
v 0.34230 2.90510 2.24543 0.2146 0.3897 0.1505
v -0.27851 3.99281 1.90806 0.2146 0.3897 0.1505
v -0.41819 3.20427 1.23984 0.1811 0.3097 0.1183
v 0.09901 2.56417 2.24731 0.1811 0.3097 0.1183
v 1.13302 3.35295 2.21766 0.2516 0.4302 0.1643
v 0.61582 3.99306 1.21018 0.2516 0.4302 0.1643
v -0.64081 3.21701 0.83807 0.1802 0.3086 0.1180
v -0.27643 2.77415 1.75747 0.1802 0.3086 0.1180
v 0.19485 3.71309 2.02296 0.2502 0.4287 0.1638
v -0.16953 4.15595 1.10355 0.2502 0.4287 0.1638
v 0.06618 3.55150 2.44656 0.1631 0.2900 0.1116
v 1.10691 2.72357 2.15654 0.1631 0.2900 0.1116
v 0.90898 2.94036 0.82743 0.2265 0.4027 0.1549
v -0.13175 3.76828 1.11745 0.2265 0.4027 0.1549
v -0.33450 3.80595 1.00568 0.2508 0.3860 0.1445
v -0.14458 3.68149 1.72137 0.2508 0.3860 0.1445
v 0.58155 3.73530 1.53803 0.3484 0.5361 0.2007
v 0.39163 3.85976 0.82234 0.3484 0.5361 0.2007
v -0.72228 4.06309 -1.52079 0.2233 0.3558 0.1341
v -1.94815 3.91835 -2.16743 0.2233 0.3558 0.1341
v -2.52280 3.47342 -0.97845 0.3101 0.4942 0.1863
v -1.29693 3.61816 -0.33181 0.3101 0.4942 0.1863
v -1.32878 2.85007 -0.86199 0.2197 0.3519 0.1328
v -1.95082 3.14539 -1.29602 0.2197 0.3519 0.1328
v -1.68320 3.90272 -1.16426 0.3051 0.4887 0.1844
v -1.06116 3.60740 -0.73023 0.3051 0.4887 0.1844
v -1.99004 2.77614 -0.48055 0.2108 0.3422 0.1295
v -2.21317 3.55488 0.14194 0.2108 0.3422 0.1295
v -1.54436 4.14486 -0.35639 0.2928 0.4753 0.1798
v -1.32124 3.36612 -0.97889 0.2928 0.4753 0.1798
v -2.39757 3.69670 -1.33194 0.1934 0.3231 0.1229
v -1.77437 2.71505 -1.20281 0.1934 0.3231 0.1229
v -1.05698 3.26789 -0.46227 0.2686 0.4488 0.1707
v -1.68018 4.24954 -0.59139 0.2686 0.4488 0.1707
v -1.15967 3.33107 -0.47281 0.1843 0.3132 0.1195
v -1.08612 3.47880 -1.20606 0.1843 0.3132 0.1195
v -0.73216 4.12101 -1.04117 0.2560 0.4350 0.1660
v -0.80571 3.97327 -0.30791 0.2560 0.4350 0.1660
v -1.86231 3.91087 -1.62678 0.2031 0.3338 0.1266
v -1.18273 3.11234 -1.51056 0.2031 0.3338 0.1266
v -1.62388 2.87193 -0.58288 0.2821 0.4636 0.1758
v -2.30346 3.67046 -0.69911 0.2821 0.4636 0.1758
v -2.12649 2.90963 0.48119 0.1929 0.3226 0.1227
v -1.10139 3.70759 0.16457 0.1929 0.3226 0.1227
v -1.33873 3.49709 -1.13435 0.2679 0.4480 0.1705
v -2.36384 2.69913 -0.81773 0.2679 0.4480 0.1705
vt 0.00000 0.00000
vt 0.14286 0.00000
vt 0.14286 1.17915
vt 0.00000 1.17915
vt 0.14286 0.00000
vt 0.28571 0.00000
vt 0.28571 1.17915
vt 0.14286 1.17915
vt 0.28571 0.00000
vt 0.42857 0.00000
vt 0.42857 1.17915
vt 0.28571 1.17915
vt 0.42857 0.00000
vt 0.57143 0.00000
vt 0.57143 1.17915
vt 0.42857 1.17915
vt 0.57143 0.00000
vt 0.71429 0.00000
vt 0.71429 1.17915
vt 0.57143 1.17915
vt 0.71429 0.00000
vt 0.85714 0.00000
vt 0.85714 1.17915
vt 0.71429 1.17915
vt 0.85714 0.00000
vt 1.00000 0.00000
vt 1.00000 1.17915
vt 0.85714 1.17915
vt 0.00000 1.26337
vt 0.14286 1.26337
vt 0.14286 2.52739
vt 0.00000 2.52739
vt 0.14286 1.26337
vt 0.28571 1.26337
vt 0.28571 2.52739
vt 0.14286 2.52739
vt 0.28571 1.26337
vt 0.42857 1.26337
vt 0.42857 2.52739
vt 0.28571 2.52739
vt 0.42857 1.26337
vt 0.57143 1.26337
vt 0.57143 2.52739
vt 0.42857 2.52739
vt 0.57143 1.26337
vt 0.71429 1.26337
vt 0.71429 2.52739
vt 0.57143 2.52739
vt 0.71429 1.26337
vt 0.85714 1.26337
vt 0.85714 2.52739
vt 0.71429 2.52739
vt 0.85714 1.26337
vt 1.00000 1.26337
vt 1.00000 2.52739
vt 0.85714 2.52739
vt 0.00000 2.72180
vt 0.14286 2.72180
vt 0.14286 4.08403
vt 0.00000 4.08403
vt 0.14286 2.72180
vt 0.28571 2.72180
vt 0.28571 4.08403
vt 0.14286 4.08403
vt 0.28571 2.72180
vt 0.42857 2.72180
vt 0.42857 4.08403
vt 0.28571 4.08403
vt 0.42857 2.72180
vt 0.57143 2.72180
vt 0.57143 4.08403
vt 0.42857 4.08403
vt 0.57143 2.72180
vt 0.71429 2.72180
vt 0.71429 4.08403
vt 0.57143 4.08403
vt 0.71429 2.72180
vt 0.85714 2.72180
vt 0.85714 4.08403
vt 0.71429 4.08403
vt 0.85714 2.72180
vt 1.00000 2.72180
vt 1.00000 4.08403
vt 0.85714 4.08403
vt 0.00000 4.42437
vt 0.14286 4.42437
vt 0.14286 5.89890
vt 0.00000 5.89890
vt 0.14286 4.42437
vt 0.28571 4.42437
vt 0.28571 5.89890
vt 0.14286 5.89890
vt 0.28571 4.42437
vt 0.42857 4.42437
vt 0.42857 5.89890
vt 0.28571 5.89890
vt 0.42857 4.42437
vt 0.57143 4.42437
vt 0.57143 5.89890
vt 0.42857 5.89890
vt 0.57143 4.42437
vt 0.71429 4.42437
vt 0.71429 5.89890
vt 0.57143 5.89890
vt 0.71429 4.42437
vt 0.85714 4.42437
vt 0.85714 5.89890
vt 0.71429 5.89890
vt 0.85714 4.42437
vt 1.00000 4.42437
vt 1.00000 5.89890
vt 0.85714 5.89890
vt 0.00000 6.43517
vt 0.14286 6.43517
vt 0.14286 8.04361
vt 0.00000 8.04361
vt 0.14286 6.43517
vt 0.28571 6.43517
vt 0.28571 8.04361
vt 0.14286 8.04361
vt 0.28571 6.43517
vt 0.42857 6.43517
vt 0.42857 8.04361
vt 0.28571 8.04361
vt 0.42857 6.43517
vt 0.57143 6.43517
vt 0.57143 8.04361
vt 0.42857 8.04361
vt 0.57143 6.43517
vt 0.71429 6.43517
vt 0.71429 8.04361
vt 0.57143 8.04361
vt 0.71429 6.43517
vt 0.85714 6.43517
vt 0.85714 8.04361
vt 0.71429 8.04361
vt 0.85714 6.43517
vt 1.00000 6.43517
vt 1.00000 8.04361
vt 0.85714 8.04361
vt 0.00000 8.84797
vt 0.14286 8.84797
vt 0.14286 10.61806
vt 0.00000 10.61806
vt 0.14286 8.84797
vt 0.28571 8.84797
vt 0.28571 10.61806
vt 0.14286 10.61806
vt 0.28571 8.84797
vt 0.42857 8.84797
vt 0.42857 10.61806
vt 0.28571 10.61806
vt 0.42857 8.84797
vt 0.57143 8.84797
vt 0.57143 10.61806
vt 0.42857 10.61806
vt 0.57143 8.84797
vt 0.71429 8.84797
vt 0.71429 10.61806
vt 0.57143 10.61806
vt 0.71429 8.84797
vt 0.85714 8.84797
vt 0.85714 10.61806
vt 0.71429 10.61806
vt 0.85714 8.84797
vt 1.00000 8.84797
vt 1.00000 10.61806
vt 0.85714 10.61806
vt 0.00000 11.79785
vt 0.14286 11.79785
vt 0.14286 13.76431
vt 0.00000 13.76431
vt 0.14286 11.79785
vt 0.28571 11.79785
vt 0.28571 13.76431
vt 0.14286 13.76431
vt 0.28571 11.79785
vt 0.42857 11.79785
vt 0.42857 13.76431
vt 0.28571 13.76431
vt 0.42857 11.79785
vt 0.57143 11.79785
vt 0.57143 13.76431
vt 0.42857 13.76431
vt 0.57143 11.79785
vt 0.71429 11.79785
vt 0.71429 13.76431
vt 0.57143 13.76431
vt 0.71429 11.79785
vt 0.85714 11.79785
vt 0.85714 13.76431
vt 0.71429 13.76431
vt 0.85714 11.79785
vt 1.00000 11.79785
vt 1.00000 13.76431
vt 0.85714 13.76431
vt 0.00000 15.48485
vt 0.14286 15.48485
vt 0.14286 17.69725
vt 0.00000 17.69725
vt 0.14286 15.48485
vt 0.28571 15.48485
vt 0.28571 17.69725
vt 0.14286 17.69725
vt 0.28571 15.48485
vt 0.42857 15.48485
vt 0.42857 17.69725
vt 0.28571 17.69725
vt 0.42857 15.48485
vt 0.57143 15.48485
vt 0.57143 17.69725
vt 0.42857 17.69725
vt 0.57143 15.48485
vt 0.71429 15.48485
vt 0.71429 17.69725
vt 0.57143 17.69725
vt 0.71429 15.48485
vt 0.85714 15.48485
vt 0.85714 17.69725
vt 0.71429 17.69725
vt 0.85714 15.48485
vt 1.00000 15.48485
vt 1.00000 17.69725
vt 0.85714 17.69725
vt 0.00000 20.22543
vt 0.14286 20.22543
vt 0.14286 22.75313
vt 0.00000 22.75313
vt 0.14286 20.22543
vt 0.28571 20.22543
vt 0.28571 22.75313
vt 0.14286 22.75313
vt 0.28571 20.22543
vt 0.42857 20.22543
vt 0.42857 22.75313
vt 0.28571 22.75313
vt 0.42857 20.22543
vt 0.57143 20.22543
vt 0.57143 22.75313
vt 0.42857 22.75313
vt 0.57143 20.22543
vt 0.71429 20.22543
vt 0.71429 22.75313
vt 0.57143 22.75313
vt 0.71429 20.22543
vt 0.85714 20.22543
vt 0.85714 22.75313
vt 0.71429 22.75313
vt 0.85714 20.22543
vt 1.00000 20.22543
vt 1.00000 22.75313
vt 0.85714 22.75313
vt 0.00000 0.00000
vt 0.20000 0.00000
vt 0.20000 3.85211
vt 0.00000 3.85211
vt 0.20000 0.00000
vt 0.40000 0.00000
vt 0.40000 3.85211
vt 0.20000 3.85211
vt 0.40000 0.00000
vt 0.60000 0.00000
vt 0.60000 3.85211
vt 0.40000 3.85211
vt 0.60000 0.00000
vt 0.80000 0.00000
vt 0.80000 3.85211
vt 0.60000 3.85211
vt 0.80000 0.00000
vt 1.00000 0.00000
vt 1.00000 3.85211
vt 0.80000 3.85211
vt 0.00000 5.70682
vt 0.20000 5.70682
vt 0.20000 11.41365
vt 0.00000 11.41365
vt 0.20000 5.70682
vt 0.40000 5.70682
vt 0.40000 11.41365
vt 0.20000 11.41365
vt 0.40000 5.70682
vt 0.60000 5.70682
vt 0.60000 11.41365
vt 0.40000 11.41365
vt 0.60000 5.70682
vt 0.80000 5.70682
vt 0.80000 11.41365
vt 0.60000 11.41365
vt 0.80000 5.70682
vt 1.00000 5.70682
vt 1.00000 11.41365
vt 0.80000 11.41365
vt 0.00000 0.00000
vt 0.20000 0.00000
vt 0.20000 3.48587
vt 0.00000 3.48587
vt 0.20000 0.00000
vt 0.40000 0.00000
vt 0.40000 3.48587
vt 0.20000 3.48587
vt 0.40000 0.00000
vt 0.60000 0.00000
vt 0.60000 3.48587
vt 0.40000 3.48587
vt 0.60000 0.00000
vt 0.80000 0.00000
vt 0.80000 3.48587
vt 0.60000 3.48587
vt 0.80000 0.00000
vt 1.00000 0.00000
vt 1.00000 3.48587
vt 0.80000 3.48587
vt 0.00000 4.04030
vt 0.20000 4.04030
vt 0.20000 8.08059
vt 0.00000 8.08059
vt 0.20000 4.04030
vt 0.40000 4.04030
vt 0.40000 8.08059
vt 0.20000 8.08059
vt 0.40000 4.04030
vt 0.60000 4.04030
vt 0.60000 8.08059
vt 0.40000 8.08059
vt 0.60000 4.04030
vt 0.80000 4.04030
vt 0.80000 8.08059
vt 0.60000 8.08059
vt 0.80000 4.04030
vt 1.00000 4.04030
vt 1.00000 8.08059
vt 0.80000 8.08059
vt 0.00000 0.00000
vt 0.20000 0.00000
vt 0.20000 1.77941
vt 0.00000 1.77941
vt 0.20000 0.00000
vt 0.40000 0.00000
vt 0.40000 1.77941
vt 0.20000 1.77941
vt 0.40000 0.00000
vt 0.60000 0.00000
vt 0.60000 1.77941
vt 0.40000 1.77941
vt 0.60000 0.00000
vt 0.80000 0.00000
vt 0.80000 1.77941
vt 0.60000 1.77941
vt 0.80000 0.00000
vt 1.00000 0.00000
vt 1.00000 1.77941
vt 0.80000 1.77941
vt 0.00000 1.77941
vt 0.20000 1.77941
vt 0.20000 3.55882
vt 0.00000 3.55882
vt 0.20000 1.77941
vt 0.40000 1.77941
vt 0.40000 3.55882
vt 0.20000 3.55882
vt 0.40000 1.77941
vt 0.60000 1.77941
vt 0.60000 3.55882
vt 0.40000 3.55882
vt 0.60000 1.77941
vt 0.80000 1.77941
vt 0.80000 3.55882
vt 0.60000 3.55882
vt 0.80000 1.77941
vt 1.00000 1.77941
vt 1.00000 3.55882
vt 0.80000 3.55882
vt 0.00000 0.00000
vt 0.20000 0.00000
vt 0.20000 1.78726
vt 0.00000 1.78726
vt 0.20000 0.00000
vt 0.40000 0.00000
vt 0.40000 1.78726
vt 0.20000 1.78726
vt 0.40000 0.00000
vt 0.60000 0.00000
vt 0.60000 1.78726
vt 0.40000 1.78726
vt 0.60000 0.00000
vt 0.80000 0.00000
vt 0.80000 1.78726
vt 0.60000 1.78726
vt 0.80000 0.00000
vt 1.00000 0.00000
vt 1.00000 1.78726
vt 0.80000 1.78726
vt 0.00000 1.78726
vt 0.20000 1.78726
vt 0.20000 3.57451
vt 0.00000 3.57451
vt 0.20000 1.78726
vt 0.40000 1.78726
vt 0.40000 3.57451
vt 0.20000 3.57451
vt 0.40000 1.78726
vt 0.60000 1.78726
vt 0.60000 3.57451
vt 0.40000 3.57451
vt 0.60000 1.78726
vt 0.80000 1.78726
vt 0.80000 3.57451
vt 0.60000 3.57451
vt 0.80000 1.78726
vt 1.00000 1.78726
vt 1.00000 3.57451
vt 0.80000 3.57451
vt 0.00000 0.00000
vt 0.20000 0.00000
vt 0.20000 4.52652
vt 0.00000 4.52652
vt 0.20000 0.00000
vt 0.40000 0.00000
vt 0.40000 4.52652
vt 0.20000 4.52652
vt 0.40000 0.00000
vt 0.60000 0.00000
vt 0.60000 4.52652
vt 0.40000 4.52652
vt 0.60000 0.00000
vt 0.80000 0.00000
vt 0.80000 4.52652
vt 0.60000 4.52652
vt 0.80000 0.00000
vt 1.00000 0.00000
vt 1.00000 4.52652
vt 0.80000 4.52652
vt 0.00000 5.24647
vt 0.20000 5.24647
vt 0.20000 10.49294
vt 0.00000 10.49294
vt 0.20000 5.24647
vt 0.40000 5.24647
vt 0.40000 10.49294
vt 0.20000 10.49294
vt 0.40000 5.24647
vt 0.60000 5.24647
vt 0.60000 10.49294
vt 0.40000 10.49294
vt 0.60000 5.24647
vt 0.80000 5.24647
vt 0.80000 10.49294
vt 0.60000 10.49294
vt 0.80000 5.24647
vt 1.00000 5.24647
vt 1.00000 10.49294
vt 0.80000 10.49294
vt 0.00000 0.00000
vt 0.20000 0.00000
vt 0.20000 2.80775
vt 0.00000 2.80775
vt 0.20000 0.00000
vt 0.40000 0.00000
vt 0.40000 2.80775
vt 0.20000 2.80775
vt 0.40000 0.00000
vt 0.60000 0.00000
vt 0.60000 2.80775
vt 0.40000 2.80775
vt 0.60000 0.00000
vt 0.80000 0.00000
vt 0.80000 2.80775
vt 0.60000 2.80775
vt 0.80000 0.00000
vt 1.00000 0.00000
vt 1.00000 2.80775
vt 0.80000 2.80775
vt 0.00000 2.80775
vt 0.20000 2.80775
vt 0.20000 5.61549
vt 0.00000 5.61549
vt 0.20000 2.80775
vt 0.40000 2.80775
vt 0.40000 5.61549
vt 0.20000 5.61549
vt 0.40000 2.80775
vt 0.60000 2.80775
vt 0.60000 5.61549
vt 0.40000 5.61549
vt 0.60000 2.80775
vt 0.80000 2.80775
vt 0.80000 5.61549
vt 0.60000 5.61549
vt 0.80000 2.80775
vt 1.00000 2.80775
vt 1.00000 5.61549
vt 0.80000 5.61549
vt 0.00000 0.00000
vt 0.20000 0.00000
vt 0.20000 2.57174
vt 0.00000 2.57174
vt 0.20000 0.00000
vt 0.40000 0.00000
vt 0.40000 2.57174
vt 0.20000 2.57174
vt 0.40000 0.00000
vt 0.60000 0.00000
vt 0.60000 2.57174
vt 0.40000 2.57174
vt 0.60000 0.00000
vt 0.80000 0.00000
vt 0.80000 2.57174
vt 0.60000 2.57174
vt 0.80000 0.00000
vt 1.00000 0.00000
vt 1.00000 2.57174
vt 0.80000 2.57174
vt 0.00000 2.57174
vt 0.20000 2.57174
vt 0.20000 5.14349
vt 0.00000 5.14349
vt 0.20000 2.57174
vt 0.40000 2.57174
vt 0.40000 5.14349
vt 0.20000 5.14349
vt 0.40000 2.57174
vt 0.60000 2.57174
vt 0.60000 5.14349
vt 0.40000 5.14349
vt 0.60000 2.57174
vt 0.80000 2.57174
vt 0.80000 5.14349
vt 0.60000 5.14349
vt 0.80000 2.57174
vt 1.00000 2.57174
vt 1.00000 5.14349
vt 0.80000 5.14349
vt 0.00000 0.00000
vt 0.20000 0.00000
vt 0.20000 2.56186
vt 0.00000 2.56186
vt 0.20000 0.00000
vt 0.40000 0.00000
vt 0.40000 2.56186
vt 0.20000 2.56186
vt 0.40000 0.00000
vt 0.60000 0.00000
vt 0.60000 2.56186
vt 0.40000 2.56186
vt 0.60000 0.00000
vt 0.80000 0.00000
vt 0.80000 2.56186
vt 0.60000 2.56186
vt 0.80000 0.00000
vt 1.00000 0.00000
vt 1.00000 2.56186
vt 0.80000 2.56186
vt 0.00000 2.56186
vt 0.20000 2.56186
vt 0.20000 5.12372
vt 0.00000 5.12372
vt 0.20000 2.56186
vt 0.40000 2.56186
vt 0.40000 5.12372
vt 0.20000 5.12372
vt 0.40000 2.56186
vt 0.60000 2.56186
vt 0.60000 5.12372
vt 0.40000 5.12372
vt 0.60000 2.56186
vt 0.80000 2.56186
vt 0.80000 5.12372
vt 0.60000 5.12372
vt 0.80000 2.56186
vt 1.00000 2.56186
vt 1.00000 5.12372
vt 0.80000 5.12372
vt 0.00000 0.00000
vt 0.20000 0.00000
vt 0.20000 3.66166
vt 0.00000 3.66166
vt 0.20000 0.00000
vt 0.40000 0.00000
vt 0.40000 3.66166
vt 0.20000 3.66166
vt 0.40000 0.00000
vt 0.60000 0.00000
vt 0.60000 3.66166
vt 0.40000 3.66166
vt 0.60000 0.00000
vt 0.80000 0.00000
vt 0.80000 3.66166
vt 0.60000 3.66166
vt 0.80000 0.00000
vt 1.00000 0.00000
vt 1.00000 3.66166
vt 0.80000 3.66166
vt 0.00000 4.67446
vt 0.20000 4.67446
vt 0.20000 9.34893
vt 0.00000 9.34893
vt 0.20000 4.67446
vt 0.40000 4.67446
vt 0.40000 9.34893
vt 0.20000 9.34893
vt 0.40000 4.67446
vt 0.60000 4.67446
vt 0.60000 9.34893
vt 0.40000 9.34893
vt 0.60000 4.67446
vt 0.80000 4.67446
vt 0.80000 9.34893
vt 0.60000 9.34893
vt 0.80000 4.67446
vt 1.00000 4.67446
vt 1.00000 9.34893
vt 0.80000 9.34893
vt 0.00000 12.92352
vt 0.20000 12.92352
vt 0.20000 19.38527
vt 0.00000 19.38527
vt 0.20000 12.92352
vt 0.40000 12.92352
vt 0.40000 19.38527
vt 0.20000 19.38527
vt 0.40000 12.92352
vt 0.60000 12.92352
vt 0.60000 19.38527
vt 0.40000 19.38527
vt 0.60000 12.92352
vt 0.80000 12.92352
vt 0.80000 19.38527
vt 0.60000 19.38527
vt 0.80000 12.92352
vt 1.00000 12.92352
vt 1.00000 19.38527
vt 0.80000 19.38527
vt 0.00000 0.00000
vt 0.20000 0.00000
vt 0.20000 4.51488
vt 0.00000 4.51488
vt 0.20000 0.00000
vt 0.40000 0.00000
vt 0.40000 4.51488
vt 0.20000 4.51488
vt 0.40000 0.00000
vt 0.60000 0.00000
vt 0.60000 4.51488
vt 0.40000 4.51488
vt 0.60000 0.00000
vt 0.80000 0.00000
vt 0.80000 4.51488
vt 0.60000 4.51488
vt 0.80000 0.00000
vt 1.00000 0.00000
vt 1.00000 4.51488
vt 0.80000 4.51488
vt 0.00000 5.07909
vt 0.20000 5.07909
vt 0.20000 10.15817
vt 0.00000 10.15817
vt 0.20000 5.07909
vt 0.40000 5.07909
vt 0.40000 10.15817
vt 0.20000 10.15817
vt 0.40000 5.07909
vt 0.60000 5.07909
vt 0.60000 10.15817
vt 0.40000 10.15817
vt 0.60000 5.07909
vt 0.80000 5.07909
vt 0.80000 10.15817
vt 0.60000 10.15817
vt 0.80000 5.07909
vt 1.00000 5.07909
vt 1.00000 10.15817
vt 0.80000 10.15817
vt 0.00000 0.00000
vt 0.20000 0.00000
vt 0.20000 1.91877
vt 0.00000 1.91877
vt 0.20000 0.00000
vt 0.40000 0.00000
vt 0.40000 1.91877
vt 0.20000 1.91877
vt 0.40000 0.00000
vt 0.60000 0.00000
vt 0.60000 1.91877
vt 0.40000 1.91877
vt 0.60000 0.00000
vt 0.80000 0.00000
vt 0.80000 1.91877
vt 0.60000 1.91877
vt 0.80000 0.00000
vt 1.00000 0.00000
vt 1.00000 1.91877
vt 0.80000 1.91877
vt 0.00000 1.91877
vt 0.20000 1.91877
vt 0.20000 3.83754
vt 0.00000 3.83754
vt 0.20000 1.91877
vt 0.40000 1.91877
vt 0.40000 3.83754
vt 0.20000 3.83754
vt 0.40000 1.91877
vt 0.60000 1.91877
vt 0.60000 3.83754
vt 0.40000 3.83754
vt 0.60000 1.91877
vt 0.80000 1.91877
vt 0.80000 3.83754
vt 0.60000 3.83754
vt 0.80000 1.91877
vt 1.00000 1.91877
vt 1.00000 3.83754
vt 0.80000 3.83754
vt 0.00000 0.00000
vt 0.20000 0.00000
vt 0.20000 2.55592
vt 0.00000 2.55592
vt 0.20000 0.00000
vt 0.40000 0.00000
vt 0.40000 2.55592
vt 0.20000 2.55592
vt 0.40000 0.00000
vt 0.60000 0.00000
vt 0.60000 2.55592
vt 0.40000 2.55592
vt 0.60000 0.00000
vt 0.80000 0.00000
vt 0.80000 2.55592
vt 0.60000 2.55592
vt 0.80000 0.00000
vt 1.00000 0.00000
vt 1.00000 2.55592
vt 0.80000 2.55592
vt 0.00000 2.55592
vt 0.20000 2.55592
vt 0.20000 5.11185
vt 0.00000 5.11185
vt 0.20000 2.55592
vt 0.40000 2.55592
vt 0.40000 5.11185
vt 0.20000 5.11185
vt 0.40000 2.55592
vt 0.60000 2.55592
vt 0.60000 5.11185
vt 0.40000 5.11185
vt 0.60000 2.55592
vt 0.80000 2.55592
vt 0.80000 5.11185
vt 0.60000 5.11185
vt 0.80000 2.55592
vt 1.00000 2.55592
vt 1.00000 5.11185
vt 0.80000 5.11185
vt 0.00000 0.00000
vt 0.20000 0.00000
vt 0.20000 5.39677
vt 0.00000 5.39677
vt 0.20000 0.00000
vt 0.40000 0.00000
vt 0.40000 5.39677
vt 0.20000 5.39677
vt 0.40000 0.00000
vt 0.60000 0.00000
vt 0.60000 5.39677
vt 0.40000 5.39677
vt 0.60000 0.00000
vt 0.80000 0.00000
vt 0.80000 5.39677
vt 0.60000 5.39677
vt 0.80000 0.00000
vt 1.00000 0.00000
vt 1.00000 5.39677
vt 0.80000 5.39677
vt 0.00000 6.07119
vt 0.20000 6.07119
vt 0.20000 12.14237
vt 0.00000 12.14237
vt 0.20000 6.07119
vt 0.40000 6.07119
vt 0.40000 12.14237
vt 0.20000 12.14237
vt 0.40000 6.07119
vt 0.60000 6.07119
vt 0.60000 12.14237
vt 0.40000 12.14237
vt 0.60000 6.07119
vt 0.80000 6.07119
vt 0.80000 12.14237
vt 0.60000 12.14237
vt 0.80000 6.07119
vt 1.00000 6.07119
vt 1.00000 12.14237
vt 0.80000 12.14237
vt 0.00000 0.00000
vt 0.20000 0.00000
vt 0.20000 2.77996
vt 0.00000 2.77996
vt 0.20000 0.00000
vt 0.40000 0.00000
vt 0.40000 2.77996
vt 0.20000 2.77996
vt 0.40000 0.00000
vt 0.60000 0.00000
vt 0.60000 2.77996
vt 0.40000 2.77996
vt 0.60000 0.00000
vt 0.80000 0.00000
vt 0.80000 2.77996
vt 0.60000 2.77996
vt 0.80000 0.00000
vt 1.00000 0.00000
vt 1.00000 2.77996
vt 0.80000 2.77996
vt 0.00000 2.77996
vt 0.20000 2.77996
vt 0.20000 5.55991
vt 0.00000 5.55991
vt 0.20000 2.77996
vt 0.40000 2.77996
vt 0.40000 5.55991
vt 0.20000 5.55991
vt 0.40000 2.77996
vt 0.60000 2.77996
vt 0.60000 5.55991
vt 0.40000 5.55991
vt 0.60000 2.77996
vt 0.80000 2.77996
vt 0.80000 5.55991
vt 0.60000 5.55991
vt 0.80000 2.77996
vt 1.00000 2.77996
vt 1.00000 5.55991
vt 0.80000 5.55991
vt 0.00000 0.00000
vt 0.20000 0.00000
vt 0.20000 3.10129
vt 0.00000 3.10129
vt 0.20000 0.00000
vt 0.40000 0.00000
vt 0.40000 3.10129
vt 0.20000 3.10129
vt 0.40000 0.00000
vt 0.60000 0.00000
vt 0.60000 3.10129
vt 0.40000 3.10129
vt 0.60000 0.00000
vt 0.80000 0.00000
vt 0.80000 3.10129
vt 0.60000 3.10129
vt 0.80000 0.00000
vt 1.00000 0.00000
vt 1.00000 3.10129
vt 0.80000 3.10129
vt 0.00000 3.10129
vt 0.20000 3.10129
vt 0.20000 6.20259
vt 0.00000 6.20259
vt 0.20000 3.10129
vt 0.40000 3.10129
vt 0.40000 6.20259
vt 0.20000 6.20259
vt 0.40000 3.10129
vt 0.60000 3.10129
vt 0.60000 6.20259
vt 0.40000 6.20259
vt 0.60000 3.10129
vt 0.80000 3.10129
vt 0.80000 6.20259
vt 0.60000 6.20259
vt 0.80000 3.10129
vt 1.00000 3.10129
vt 1.00000 6.20259
vt 0.80000 6.20259
vt 0.00000 0.00000
vt 0.20000 0.00000
vt 0.20000 1.68043
vt 0.00000 1.68043
vt 0.20000 0.00000
vt 0.40000 0.00000
vt 0.40000 1.68043
vt 0.20000 1.68043
vt 0.40000 0.00000
vt 0.60000 0.00000
vt 0.60000 1.68043
vt 0.40000 1.68043
vt 0.60000 0.00000
vt 0.80000 0.00000
vt 0.80000 1.68043
vt 0.60000 1.68043
vt 0.80000 0.00000
vt 1.00000 0.00000
vt 1.00000 1.68043
vt 0.80000 1.68043
vt 0.00000 1.68043
vt 0.20000 1.68043
vt 0.20000 3.36086
vt 0.00000 3.36086
vt 0.20000 1.68043
vt 0.40000 1.68043
vt 0.40000 3.36086
vt 0.20000 3.36086
vt 0.40000 1.68043
vt 0.60000 1.68043
vt 0.60000 3.36086
vt 0.40000 3.36086
vt 0.60000 1.68043
vt 0.80000 1.68043
vt 0.80000 3.36086
vt 0.60000 3.36086
vt 0.80000 1.68043
vt 1.00000 1.68043
vt 1.00000 3.36086
vt 0.80000 3.36086
vt 0.00000 0.00000
vt 0.20000 0.00000
vt 0.20000 4.17869
vt 0.00000 4.17869
vt 0.20000 0.00000
vt 0.40000 0.00000
vt 0.40000 4.17869
vt 0.20000 4.17869
vt 0.40000 0.00000
vt 0.60000 0.00000
vt 0.60000 4.17869
vt 0.40000 4.17869
vt 0.60000 0.00000
vt 0.80000 0.00000
vt 0.80000 4.17869
vt 0.60000 4.17869
vt 0.80000 0.00000
vt 1.00000 0.00000
vt 1.00000 4.17869
vt 0.80000 4.17869
vt 0.00000 4.17869
vt 0.20000 4.17869
vt 0.20000 8.35739
vt 0.00000 8.35739
vt 0.20000 4.17869
vt 0.40000 4.17869
vt 0.40000 8.35739
vt 0.20000 8.35739
vt 0.40000 4.17869
vt 0.60000 4.17869
vt 0.60000 8.35739
vt 0.40000 8.35739
vt 0.60000 4.17869
vt 0.80000 4.17869
vt 0.80000 8.35739
vt 0.60000 8.35739
vt 0.80000 4.17869
vt 1.00000 4.17869
vt 1.00000 8.35739
vt 0.80000 8.35739
vt 0.00000 0.00000
vt 0.20000 0.00000
vt 0.20000 1.76472
vt 0.00000 1.76472
vt 0.20000 0.00000
vt 0.40000 0.00000
vt 0.40000 1.76472
vt 0.20000 1.76472
vt 0.40000 0.00000
vt 0.60000 0.00000
vt 0.60000 1.76472
vt 0.40000 1.76472
vt 0.60000 0.00000
vt 0.80000 0.00000
vt 0.80000 1.76472
vt 0.60000 1.76472
vt 0.80000 0.00000
vt 1.00000 0.00000
vt 1.00000 1.76472
vt 0.80000 1.76472
vt 0.00000 1.76472
vt 0.20000 1.76472
vt 0.20000 3.52945
vt 0.00000 3.52945
vt 0.20000 1.76472
vt 0.40000 1.76472
vt 0.40000 3.52945
vt 0.20000 3.52945
vt 0.40000 1.76472
vt 0.60000 1.76472
vt 0.60000 3.52945
vt 0.40000 3.52945
vt 0.60000 1.76472
vt 0.80000 1.76472
vt 0.80000 3.52945
vt 0.60000 3.52945
vt 0.80000 1.76472
vt 1.00000 1.76472
vt 1.00000 3.52945
vt 0.80000 3.52945
vt 0.00000 0.00000
vt 0.20000 0.00000
vt 0.20000 2.80027
vt 0.00000 2.80027
vt 0.20000 0.00000
vt 0.40000 0.00000
vt 0.40000 2.80027
vt 0.20000 2.80027
vt 0.40000 0.00000
vt 0.60000 0.00000
vt 0.60000 2.80027
vt 0.40000 2.80027
vt 0.60000 0.00000
vt 0.80000 0.00000
vt 0.80000 2.80027
vt 0.60000 2.80027
vt 0.80000 0.00000
vt 1.00000 0.00000
vt 1.00000 2.80027
vt 0.80000 2.80027
vt 0.00000 2.80027
vt 0.20000 2.80027
vt 0.20000 5.60054
vt 0.00000 5.60054
vt 0.20000 2.80027
vt 0.40000 2.80027
vt 0.40000 5.60054
vt 0.20000 5.60054
vt 0.40000 2.80027
vt 0.60000 2.80027
vt 0.60000 5.60054
vt 0.40000 5.60054
vt 0.60000 2.80027
vt 0.80000 2.80027
vt 0.80000 5.60054
vt 0.60000 5.60054
vt 0.80000 2.80027
vt 1.00000 2.80027
vt 1.00000 5.60054
vt 0.80000 5.60054
vt 0.00000 0.00000
vt 0.20000 0.00000
vt 0.20000 4.18695
vt 0.00000 4.18695
vt 0.20000 0.00000
vt 0.40000 0.00000
vt 0.40000 4.18695
vt 0.20000 4.18695
vt 0.40000 0.00000
vt 0.60000 0.00000
vt 0.60000 4.18695
vt 0.40000 4.18695
vt 0.60000 0.00000
vt 0.80000 0.00000
vt 0.80000 4.18695
vt 0.60000 4.18695
vt 0.80000 0.00000
vt 1.00000 0.00000
vt 1.00000 4.18695
vt 0.80000 4.18695
vt 0.00000 6.20288
vt 0.20000 6.20288
vt 0.20000 12.40576
vt 0.00000 12.40576
vt 0.20000 6.20288
vt 0.40000 6.20288
vt 0.40000 12.40576
vt 0.20000 12.40576
vt 0.40000 6.20288
vt 0.60000 6.20288
vt 0.60000 12.40576
vt 0.40000 12.40576
vt 0.60000 6.20288
vt 0.80000 6.20288
vt 0.80000 12.40576
vt 0.60000 12.40576
vt 0.80000 6.20288
vt 1.00000 6.20288
vt 1.00000 12.40576
vt 0.80000 12.40576
vt 0.00000 0.00000
vt 0.20000 0.00000
vt 0.20000 3.72128
vt 0.00000 3.72128
vt 0.20000 0.00000
vt 0.40000 0.00000
vt 0.40000 3.72128
vt 0.20000 3.72128
vt 0.40000 0.00000
vt 0.60000 0.00000
vt 0.60000 3.72128
vt 0.40000 3.72128
vt 0.60000 0.00000
vt 0.80000 0.00000
vt 0.80000 3.72128
vt 0.60000 3.72128
vt 0.80000 0.00000
vt 1.00000 0.00000
vt 1.00000 3.72128
vt 0.80000 3.72128
vt 0.00000 4.09778
vt 0.20000 4.09778
vt 0.20000 8.19556
vt 0.00000 8.19556
vt 0.20000 4.09778
vt 0.40000 4.09778
vt 0.40000 8.19556
vt 0.20000 8.19556
vt 0.40000 4.09778
vt 0.60000 4.09778
vt 0.60000 8.19556
vt 0.40000 8.19556
vt 0.60000 4.09778
vt 0.80000 4.09778
vt 0.80000 8.19556
vt 0.60000 8.19556
vt 0.80000 4.09778
vt 1.00000 4.09778
vt 1.00000 8.19556
vt 0.80000 8.19556
vt 0.00000 0.00000
vt 0.20000 0.00000
vt 0.20000 2.21931
vt 0.00000 2.21931
vt 0.20000 0.00000
vt 0.40000 0.00000
vt 0.40000 2.21931
vt 0.20000 2.21931
vt 0.40000 0.00000
vt 0.60000 0.00000
vt 0.60000 2.21931
vt 0.40000 2.21931
vt 0.60000 0.00000
vt 0.80000 0.00000
vt 0.80000 2.21931
vt 0.60000 2.21931
vt 0.80000 0.00000
vt 1.00000 0.00000
vt 1.00000 2.21931
vt 0.80000 2.21931
vt 0.00000 2.21931
vt 0.20000 2.21931
vt 0.20000 4.43863
vt 0.00000 4.43863
vt 0.20000 2.21931
vt 0.40000 2.21931
vt 0.40000 4.43863
vt 0.20000 4.43863
vt 0.40000 2.21931
vt 0.60000 2.21931
vt 0.60000 4.43863
vt 0.40000 4.43863
vt 0.60000 2.21931
vt 0.80000 2.21931
vt 0.80000 4.43863
vt 0.60000 4.43863
vt 0.80000 2.21931
vt 1.00000 2.21931
vt 1.00000 4.43863
vt 0.80000 4.43863
vt 0.00000 0.00000
vt 0.20000 0.00000
vt 0.20000 2.09093
vt 0.00000 2.09093
vt 0.20000 0.00000
vt 0.40000 0.00000
vt 0.40000 2.09093
vt 0.20000 2.09093
vt 0.40000 0.00000
vt 0.60000 0.00000
vt 0.60000 2.09093
vt 0.40000 2.09093
vt 0.60000 0.00000
vt 0.80000 0.00000
vt 0.80000 2.09093
vt 0.60000 2.09093
vt 0.80000 0.00000
vt 1.00000 0.00000
vt 1.00000 2.09093
vt 0.80000 2.09093
vt 0.00000 3.09768
vt 0.20000 3.09768
vt 0.20000 6.19536
vt 0.00000 6.19536
vt 0.20000 3.09768
vt 0.40000 3.09768
vt 0.40000 6.19536
vt 0.20000 6.19536
vt 0.40000 3.09768
vt 0.60000 3.09768
vt 0.60000 6.19536
vt 0.40000 6.19536
vt 0.60000 3.09768
vt 0.80000 3.09768
vt 0.80000 6.19536
vt 0.60000 6.19536
vt 0.80000 3.09768
vt 1.00000 3.09768
vt 1.00000 6.19536
vt 0.80000 6.19536
vt 0.00000 0.00000
vt 0.20000 0.00000
vt 0.20000 2.17214
vt 0.00000 2.17214
vt 0.20000 0.00000
vt 0.40000 0.00000
vt 0.40000 2.17214
vt 0.20000 2.17214
vt 0.40000 0.00000
vt 0.60000 0.00000
vt 0.60000 2.17214
vt 0.40000 2.17214
vt 0.60000 0.00000
vt 0.80000 0.00000
vt 0.80000 2.17214
vt 0.60000 2.17214
vt 0.80000 0.00000
vt 1.00000 0.00000
vt 1.00000 2.17214
vt 0.80000 2.17214
vt 0.00000 2.24760
vt 0.20000 2.24760
vt 0.20000 4.49520
vt 0.00000 4.49520
vt 0.20000 2.24760
vt 0.40000 2.24760
vt 0.40000 4.49520
vt 0.20000 4.49520
vt 0.40000 2.24760
vt 0.60000 2.24760
vt 0.60000 4.49520
vt 0.40000 4.49520
vt 0.60000 2.24760
vt 0.80000 2.24760
vt 0.80000 4.49520
vt 0.60000 4.49520
vt 0.80000 2.24760
vt 1.00000 2.24760
vt 1.00000 4.49520
vt 0.80000 4.49520
vt 0.00000 0.00000
vt 0.20000 0.00000
vt 0.20000 2.00953
vt 0.00000 2.00953
vt 0.20000 0.00000
vt 0.40000 0.00000
vt 0.40000 2.00953
vt 0.20000 2.00953
vt 0.40000 0.00000
vt 0.60000 0.00000
vt 0.60000 2.00953
vt 0.40000 2.00953
vt 0.60000 0.00000
vt 0.80000 0.00000
vt 0.80000 2.00953
vt 0.60000 2.00953
vt 0.80000 0.00000
vt 1.00000 0.00000
vt 1.00000 2.00953
vt 0.80000 2.00953
vt 0.00000 2.86250
vt 0.20000 2.86250
vt 0.20000 5.72500
vt 0.00000 5.72500
vt 0.20000 2.86250
vt 0.40000 2.86250
vt 0.40000 5.72500
vt 0.20000 5.72500
vt 0.40000 2.86250
vt 0.60000 2.86250
vt 0.60000 5.72500
vt 0.40000 5.72500
vt 0.60000 2.86250
vt 0.80000 2.86250
vt 0.80000 5.72500
vt 0.60000 5.72500
vt 0.80000 2.86250
vt 1.00000 2.86250
vt 1.00000 5.72500
vt 0.80000 5.72500
vt 0.00000 0.00000
vt 0.20000 0.00000
vt 0.20000 1.88434
vt 0.00000 1.88434
vt 0.20000 0.00000
vt 0.40000 0.00000
vt 0.40000 1.88434
vt 0.20000 1.88434
vt 0.40000 0.00000
vt 0.60000 0.00000
vt 0.60000 1.88434
vt 0.40000 1.88434
vt 0.60000 0.00000
vt 0.80000 0.00000
vt 0.80000 1.88434
vt 0.60000 1.88434
vt 0.80000 0.00000
vt 1.00000 0.00000
vt 1.00000 1.88434
vt 0.80000 1.88434
vt 0.00000 1.88434
vt 0.20000 1.88434
vt 0.20000 3.76869
vt 0.00000 3.76869
vt 0.20000 1.88434
vt 0.40000 1.88434
vt 0.40000 3.76869
vt 0.20000 3.76869
vt 0.40000 1.88434
vt 0.60000 1.88434
vt 0.60000 3.76869
vt 0.40000 3.76869
vt 0.60000 1.88434
vt 0.80000 1.88434
vt 0.80000 3.76869
vt 0.60000 3.76869
vt 0.80000 1.88434
vt 1.00000 1.88434
vt 1.00000 3.76869
vt 0.80000 3.76869
vt 0.00000 0.00000
vt 0.20000 0.00000
vt 0.20000 2.51787
vt 0.00000 2.51787
vt 0.20000 0.00000
vt 0.40000 0.00000
vt 0.40000 2.51787
vt 0.20000 2.51787
vt 0.40000 0.00000
vt 0.60000 0.00000
vt 0.60000 2.51787
vt 0.40000 2.51787
vt 0.60000 0.00000
vt 0.80000 0.00000
vt 0.80000 2.51787
vt 0.60000 2.51787
vt 0.80000 0.00000
vt 1.00000 0.00000
vt 1.00000 2.51787
vt 0.80000 2.51787
vt 0.00000 3.87365
vt 0.20000 3.87365
vt 0.20000 7.74730
vt 0.00000 7.74730
vt 0.20000 3.87365
vt 0.40000 3.87365
vt 0.40000 7.74730
vt 0.20000 7.74730
vt 0.40000 3.87365
vt 0.60000 3.87365
vt 0.60000 7.74730
vt 0.40000 7.74730
vt 0.60000 3.87365
vt 0.80000 3.87365
vt 0.80000 7.74730
vt 0.60000 7.74730
vt 0.80000 3.87365
vt 1.00000 3.87365
vt 1.00000 7.74730
vt 0.80000 7.74730
vt 0.00000 0.00000
vt 0.20000 0.00000
vt 0.20000 2.82349
vt 0.00000 2.82349
vt 0.20000 0.00000
vt 0.40000 0.00000
vt 0.40000 2.82349
vt 0.20000 2.82349
vt 0.40000 0.00000
vt 0.60000 0.00000
vt 0.60000 2.82349
vt 0.40000 2.82349
vt 0.60000 0.00000
vt 0.80000 0.00000
vt 0.80000 2.82349
vt 0.60000 2.82349
vt 0.80000 0.00000
vt 1.00000 0.00000
vt 1.00000 2.82349
vt 0.80000 2.82349
vt 0.00000 4.34383
vt 0.20000 4.34383
vt 0.20000 8.68767
vt 0.00000 8.68767
vt 0.20000 4.34383
vt 0.40000 4.34383
vt 0.40000 8.68767
vt 0.20000 8.68767
vt 0.40000 4.34383
vt 0.60000 4.34383
vt 0.60000 8.68767
vt 0.40000 8.68767
vt 0.60000 4.34383
vt 0.80000 4.34383
vt 0.80000 8.68767
vt 0.60000 8.68767
vt 0.80000 4.34383
vt 1.00000 4.34383
vt 1.00000 8.68767
vt 0.80000 8.68767
vt 0.00000 0.00000
vt 0.20000 0.00000
vt 0.20000 1.50465
vt 0.00000 1.50465
vt 0.20000 0.00000
vt 0.40000 0.00000
vt 0.40000 1.50465
vt 0.20000 1.50465
vt 0.40000 0.00000
vt 0.60000 0.00000
vt 0.60000 1.50465
vt 0.40000 1.50465
vt 0.60000 0.00000
vt 0.80000 0.00000
vt 0.80000 1.50465
vt 0.60000 1.50465
vt 0.80000 0.00000
vt 1.00000 0.00000
vt 1.00000 1.50465
vt 0.80000 1.50465
vt 0.00000 2.31484
vt 0.20000 2.31484
vt 0.20000 4.62968
vt 0.00000 4.62968
vt 0.20000 2.31484
vt 0.40000 2.31484
vt 0.40000 4.62968
vt 0.20000 4.62968
vt 0.40000 2.31484
vt 0.60000 2.31484
vt 0.60000 4.62968
vt 0.40000 4.62968
vt 0.60000 2.31484
vt 0.80000 2.31484
vt 0.80000 4.62968
vt 0.60000 4.62968
vt 0.80000 2.31484
vt 1.00000 2.31484
vt 1.00000 4.62968
vt 0.80000 4.62968
vt 0.00000 0.00000
vt 1.00000 0.00000
vt 1.00000 1.00000
vt 0.00000 1.00000
vt 0.00000 0.00000
vt 1.00000 0.00000
vt 1.00000 1.00000
vt 0.00000 1.00000
vt 0.00000 0.00000
vt 1.00000 0.00000
vt 1.00000 1.00000
vt 0.00000 1.00000
vt 0.00000 0.00000
vt 1.00000 0.00000
vt 1.00000 1.00000
vt 0.00000 1.00000
vt 0.00000 0.00000
vt 1.00000 0.00000
vt 1.00000 1.00000
vt 0.00000 1.00000
vt 0.00000 0.00000
vt 1.00000 0.00000
vt 1.00000 1.00000
vt 0.00000 1.00000
vt 0.00000 0.00000
vt 1.00000 0.00000
vt 1.00000 1.00000
vt 0.00000 1.00000
vt 0.00000 0.00000
vt 1.00000 0.00000
vt 1.00000 1.00000
vt 0.00000 1.00000
vt 0.00000 0.00000
vt 1.00000 0.00000
vt 1.00000 1.00000
vt 0.00000 1.00000
vt 0.00000 0.00000
vt 1.00000 0.00000
vt 1.00000 1.00000
vt 0.00000 1.00000
vt 0.00000 0.00000
vt 1.00000 0.00000
vt 1.00000 1.00000
vt 0.00000 1.00000
vt 0.00000 0.00000
vt 1.00000 0.00000
vt 1.00000 1.00000
vt 0.00000 1.00000
vt 0.00000 0.00000
vt 1.00000 0.00000
vt 1.00000 1.00000
vt 0.00000 1.00000
vt 0.00000 0.00000
vt 1.00000 0.00000
vt 1.00000 1.00000
vt 0.00000 1.00000
vt 0.00000 0.00000
vt 1.00000 0.00000
vt 1.00000 1.00000
vt 0.00000 1.00000
vt 0.00000 0.00000
vt 1.00000 0.00000
vt 1.00000 1.00000
vt 0.00000 1.00000
vt 0.00000 0.00000
vt 1.00000 0.00000
vt 1.00000 1.00000
vt 0.00000 1.00000
vt 0.00000 0.00000
vt 1.00000 0.00000
vt 1.00000 1.00000
vt 0.00000 1.00000
vt 0.00000 0.00000
vt 1.00000 0.00000
vt 1.00000 1.00000
vt 0.00000 1.00000
vt 0.00000 0.00000
vt 1.00000 0.00000
vt 1.00000 1.00000
vt 0.00000 1.00000
vt 0.00000 0.00000
vt 1.00000 0.00000
vt 1.00000 1.00000
vt 0.00000 1.00000
vt 0.00000 0.00000
vt 1.00000 0.00000
vt 1.00000 1.00000
vt 0.00000 1.00000
vt 0.00000 0.00000
vt 1.00000 0.00000
vt 1.00000 1.00000
vt 0.00000 1.00000
vt 0.00000 0.00000
vt 1.00000 0.00000
vt 1.00000 1.00000
vt 0.00000 1.00000
vt 0.00000 0.00000
vt 1.00000 0.00000
vt 1.00000 1.00000
vt 0.00000 1.00000
vt 0.00000 0.00000
vt 1.00000 0.00000
vt 1.00000 1.00000
vt 0.00000 1.00000
vt 0.00000 0.00000
vt 1.00000 0.00000
vt 1.00000 1.00000
vt 0.00000 1.00000
vt 0.00000 0.00000
vt 1.00000 0.00000
vt 1.00000 1.00000
vt 0.00000 1.00000
vt 0.00000 0.00000
vt 1.00000 0.00000
vt 1.00000 1.00000
vt 0.00000 1.00000
vt 0.00000 0.00000
vt 1.00000 0.00000
vt 1.00000 1.00000
vt 0.00000 1.00000
vt 0.00000 0.00000
vt 1.00000 0.00000
vt 1.00000 1.00000
vt 0.00000 1.00000
vt 0.00000 0.00000
vt 1.00000 0.00000
vt 1.00000 1.00000
vt 0.00000 1.00000
vt 0.00000 0.00000
vt 1.00000 0.00000
vt 1.00000 1.00000
vt 0.00000 1.00000
vt 0.00000 0.00000
vt 1.00000 0.00000
vt 1.00000 1.00000
vt 0.00000 1.00000
vt 0.00000 0.00000
vt 1.00000 0.00000
vt 1.00000 1.00000
vt 0.00000 1.00000
vt 0.00000 0.00000
vt 1.00000 0.00000
vt 1.00000 1.00000
vt 0.00000 1.00000
vt 0.00000 0.00000
vt 1.00000 0.00000
vt 1.00000 1.00000
vt 0.00000 1.00000
vt 0.00000 0.00000
vt 1.00000 0.00000
vt 1.00000 1.00000
vt 0.00000 1.00000
vt 0.00000 0.00000
vt 1.00000 0.00000
vt 1.00000 1.00000
vt 0.00000 1.00000
vt 0.00000 0.00000
vt 1.00000 0.00000
vt 1.00000 1.00000
vt 0.00000 1.00000
vt 0.00000 0.00000
vt 1.00000 0.00000
vt 1.00000 1.00000
vt 0.00000 1.00000
vt 0.00000 0.00000
vt 1.00000 0.00000
vt 1.00000 1.00000
vt 0.00000 1.00000
vt 0.00000 0.00000
vt 1.00000 0.00000
vt 1.00000 1.00000
vt 0.00000 1.00000
vt 0.00000 0.00000
vt 1.00000 0.00000
vt 1.00000 1.00000
vt 0.00000 1.00000
vt 0.00000 0.00000
vt 1.00000 0.00000
vt 1.00000 1.00000
vt 0.00000 1.00000
vt 0.00000 0.00000
vt 1.00000 0.00000
vt 1.00000 1.00000
vt 0.00000 1.00000
vt 0.00000 0.00000
vt 1.00000 0.00000
vt 1.00000 1.00000
vt 0.00000 1.00000
vt 0.00000 0.00000
vt 1.00000 0.00000
vt 1.00000 1.00000
vt 0.00000 1.00000
vt 0.00000 0.00000
vt 1.00000 0.00000
vt 1.00000 1.00000
vt 0.00000 1.00000
vt 0.00000 0.00000
vt 1.00000 0.00000
vt 1.00000 1.00000
vt 0.00000 1.00000
vt 0.00000 0.00000
vt 1.00000 0.00000
vt 1.00000 1.00000
vt 0.00000 1.00000
vt 0.00000 0.00000
vt 1.00000 0.00000
vt 1.00000 1.00000
vt 0.00000 1.00000
vt 0.00000 0.00000
vt 1.00000 0.00000
vt 1.00000 1.00000
vt 0.00000 1.00000
vt 0.00000 0.00000
vt 1.00000 0.00000
vt 1.00000 1.00000
vt 0.00000 1.00000
vt 0.00000 0.00000
vt 1.00000 0.00000
vt 1.00000 1.00000
vt 0.00000 1.00000
vt 0.00000 0.00000
vt 1.00000 0.00000
vt 1.00000 1.00000
vt 0.00000 1.00000
vt 0.00000 0.00000
vt 1.00000 0.00000
vt 1.00000 1.00000
vt 0.00000 1.00000
vt 0.00000 0.00000
vt 1.00000 0.00000
vt 1.00000 1.00000
vt 0.00000 1.00000
vt 0.00000 0.00000
vt 1.00000 0.00000
vt 1.00000 1.00000
vt 0.00000 1.00000
vt 0.00000 0.00000
vt 1.00000 0.00000
vt 1.00000 1.00000
vt 0.00000 1.00000
vt 0.00000 0.00000
vt 1.00000 0.00000
vt 1.00000 1.00000
vt 0.00000 1.00000
vt 0.00000 0.00000
vt 1.00000 0.00000
vt 1.00000 1.00000
vt 0.00000 1.00000
vt 0.00000 0.00000
vt 1.00000 0.00000
vt 1.00000 1.00000
vt 0.00000 1.00000
vt 0.00000 0.00000
vt 1.00000 0.00000
vt 1.00000 1.00000
vt 0.00000 1.00000
vt 0.00000 0.00000
vt 1.00000 0.00000
vt 1.00000 1.00000
vt 0.00000 1.00000
vt 0.00000 0.00000
vt 1.00000 0.00000
vt 1.00000 1.00000
vt 0.00000 1.00000
vt 0.00000 0.00000
vt 1.00000 0.00000
vt 1.00000 1.00000
vt 0.00000 1.00000
vt 0.00000 0.00000
vt 1.00000 0.00000
vt 1.00000 1.00000
vt 0.00000 1.00000
vt 0.00000 0.00000
vt 1.00000 0.00000
vt 1.00000 1.00000
vt 0.00000 1.00000
vt 0.00000 0.00000
vt 1.00000 0.00000
vt 1.00000 1.00000
vt 0.00000 1.00000
vt 0.00000 0.00000
vt 1.00000 0.00000
vt 1.00000 1.00000
vt 0.00000 1.00000
vt 0.00000 0.00000
vt 1.00000 0.00000
vt 1.00000 1.00000
vt 0.00000 1.00000
vt 0.00000 0.00000
vt 1.00000 0.00000
vt 1.00000 1.00000
vt 0.00000 1.00000
vt 0.00000 0.00000
vt 1.00000 0.00000
vt 1.00000 1.00000
vt 0.00000 1.00000
vt 0.00000 0.00000
vt 1.00000 0.00000
vt 1.00000 1.00000
vt 0.00000 1.00000
vt 0.00000 0.00000
vt 1.00000 0.00000
vt 1.00000 1.00000
vt 0.00000 1.00000
vt 0.00000 0.00000
vt 1.00000 0.00000
vt 1.00000 1.00000
vt 0.00000 1.00000
vt 0.00000 0.00000
vt 1.00000 0.00000
vt 1.00000 1.00000
vt 0.00000 1.00000
vt 0.00000 0.00000
vt 1.00000 0.00000
vt 1.00000 1.00000
vt 0.00000 1.00000
vt 0.00000 0.00000
vt 1.00000 0.00000
vt 1.00000 1.00000
vt 0.00000 1.00000
vt 0.00000 0.00000
vt 1.00000 0.00000
vt 1.00000 1.00000
vt 0.00000 1.00000
vt 0.00000 0.00000
vt 1.00000 0.00000
vt 1.00000 1.00000
vt 0.00000 1.00000
vt 0.00000 0.00000
vt 1.00000 0.00000
vt 1.00000 1.00000
vt 0.00000 1.00000
vt 0.00000 0.00000
vt 1.00000 0.00000
vt 1.00000 1.00000
vt 0.00000 1.00000
vt 0.00000 0.00000
vt 1.00000 0.00000
vt 1.00000 1.00000
vt 0.00000 1.00000
vt 0.00000 0.00000
vt 1.00000 0.00000
vt 1.00000 1.00000
vt 0.00000 1.00000
vt 0.00000 0.00000
vt 1.00000 0.00000
vt 1.00000 1.00000
vt 0.00000 1.00000
vt 0.00000 0.00000
vt 1.00000 0.00000
vt 1.00000 1.00000
vt 0.00000 1.00000
vt 0.00000 0.00000
vt 1.00000 0.00000
vt 1.00000 1.00000
vt 0.00000 1.00000
vt 0.00000 0.00000
vt 1.00000 0.00000
vt 1.00000 1.00000
vt 0.00000 1.00000
vt 0.00000 0.00000
vt 1.00000 0.00000
vt 1.00000 1.00000
vt 0.00000 1.00000
vt 0.00000 0.00000
vt 1.00000 0.00000
vt 1.00000 1.00000
vt 0.00000 1.00000
vt 0.00000 0.00000
vt 1.00000 0.00000
vt 1.00000 1.00000
vt 0.00000 1.00000
vt 0.00000 0.00000
vt 1.00000 0.00000
vt 1.00000 1.00000
vt 0.00000 1.00000
vt 0.00000 0.00000
vt 1.00000 0.00000
vt 1.00000 1.00000
vt 0.00000 1.00000
vt 0.00000 0.00000
vt 1.00000 0.00000
vt 1.00000 1.00000
vt 0.00000 1.00000
vt 0.00000 0.00000
vt 1.00000 0.00000
vt 1.00000 1.00000
vt 0.00000 1.00000
vt 0.00000 0.00000
vt 1.00000 0.00000
vt 1.00000 1.00000
vt 0.00000 1.00000
vt 0.00000 0.00000
vt 1.00000 0.00000
vt 1.00000 1.00000
vt 0.00000 1.00000
vt 0.00000 0.00000
vt 1.00000 0.00000
vt 1.00000 1.00000
vt 0.00000 1.00000
vt 0.00000 0.00000
vt 1.00000 0.00000
vt 1.00000 1.00000
vt 0.00000 1.00000
vt 0.00000 0.00000
vt 1.00000 0.00000
vt 1.00000 1.00000
vt 0.00000 1.00000
vt 0.00000 0.00000
vt 1.00000 0.00000
vt 1.00000 1.00000
vt 0.00000 1.00000
vt 0.00000 0.00000
vt 1.00000 0.00000
vt 1.00000 1.00000
vt 0.00000 1.00000
vt 0.00000 0.00000
vt 1.00000 0.00000
vt 1.00000 1.00000
vt 0.00000 1.00000
vt 0.00000 0.00000
vt 1.00000 0.00000
vt 1.00000 1.00000
vt 0.00000 1.00000
vt 0.00000 0.00000
vt 1.00000 0.00000
vt 1.00000 1.00000
vt 0.00000 1.00000
vt 0.00000 0.00000
vt 1.00000 0.00000
vt 1.00000 1.00000
vt 0.00000 1.00000
vt 0.00000 0.00000
vt 1.00000 0.00000
vt 1.00000 1.00000
vt 0.00000 1.00000
vt 0.00000 0.00000
vt 1.00000 0.00000
vt 1.00000 1.00000
vt 0.00000 1.00000
vt 0.00000 0.00000
vt 1.00000 0.00000
vt 1.00000 1.00000
vt 0.00000 1.00000
vt 0.00000 0.00000
vt 1.00000 0.00000
vt 1.00000 1.00000
vt 0.00000 1.00000
vt 0.00000 0.00000
vt 1.00000 0.00000
vt 1.00000 1.00000
vt 0.00000 1.00000
vt 0.00000 0.00000
vt 1.00000 0.00000
vt 1.00000 1.00000
vt 0.00000 1.00000
vt 0.00000 0.00000
vt 1.00000 0.00000
vt 1.00000 1.00000
vt 0.00000 1.00000
vt 0.00000 0.00000
vt 1.00000 0.00000
vt 1.00000 1.00000
vt 0.00000 1.00000
vt 0.00000 0.00000
vt 1.00000 0.00000
vt 1.00000 1.00000
vt 0.00000 1.00000
vt 0.00000 0.00000
vt 1.00000 0.00000
vt 1.00000 1.00000
vt 0.00000 1.00000
vt 0.00000 0.00000
vt 1.00000 0.00000
vt 1.00000 1.00000
vt 0.00000 1.00000
vt 0.00000 0.00000
vt 1.00000 0.00000
vt 1.00000 1.00000
vt 0.00000 1.00000
vt 0.00000 0.00000
vt 1.00000 0.00000
vt 1.00000 1.00000
vt 0.00000 1.00000
vt 0.00000 0.00000
vt 1.00000 0.00000
vt 1.00000 1.00000
vt 0.00000 1.00000
vt 0.00000 0.00000
vt 1.00000 0.00000
vt 1.00000 1.00000
vt 0.00000 1.00000
vt 0.00000 0.00000
vt 1.00000 0.00000
vt 1.00000 1.00000
vt 0.00000 1.00000
vt 0.00000 0.00000
vt 1.00000 0.00000
vt 1.00000 1.00000
vt 0.00000 1.00000
vt 0.00000 0.00000
vt 1.00000 0.00000
vt 1.00000 1.00000
vt 0.00000 1.00000
vt 0.00000 0.00000
vt 1.00000 0.00000
vt 1.00000 1.00000
vt 0.00000 1.00000
vt 0.00000 0.00000
vt 1.00000 0.00000
vt 1.00000 1.00000
vt 0.00000 1.00000
vt 0.00000 0.00000
vt 1.00000 0.00000
vt 1.00000 1.00000
vt 0.00000 1.00000
vt 0.00000 0.00000
vt 1.00000 0.00000
vt 1.00000 1.00000
vt 0.00000 1.00000
vt 0.00000 0.00000
vt 1.00000 0.00000
vt 1.00000 1.00000
vt 0.00000 1.00000
vt 0.00000 0.00000
vt 1.00000 0.00000
vt 1.00000 1.00000
vt 0.00000 1.00000
vt 0.00000 0.00000
vt 1.00000 0.00000
vt 1.00000 1.00000
vt 0.00000 1.00000
vt 0.00000 0.00000
vt 1.00000 0.00000
vt 1.00000 1.00000
vt 0.00000 1.00000
vt 0.00000 0.00000
vt 1.00000 0.00000
vt 1.00000 1.00000
vt 0.00000 1.00000
vt 0.00000 0.00000
vt 1.00000 0.00000
vt 1.00000 1.00000
vt 0.00000 1.00000
vt 0.00000 0.00000
vt 1.00000 0.00000
vt 1.00000 1.00000
vt 0.00000 1.00000
vt 0.00000 0.00000
vt 1.00000 0.00000
vt 1.00000 1.00000
vt 0.00000 1.00000
vt 0.00000 0.00000
vt 1.00000 0.00000
vt 1.00000 1.00000
vt 0.00000 1.00000
vt 0.00000 0.00000
vt 1.00000 0.00000
vt 1.00000 1.00000
vt 0.00000 1.00000
vt 0.00000 0.00000
vt 1.00000 0.00000
vt 1.00000 1.00000
vt 0.00000 1.00000
vt 0.00000 0.00000
vt 1.00000 0.00000
vt 1.00000 1.00000
vt 0.00000 1.00000
vt 0.00000 0.00000
vt 1.00000 0.00000
vt 1.00000 1.00000
vt 0.00000 1.00000
vt 0.00000 0.00000
vt 1.00000 0.00000
vt 1.00000 1.00000
vt 0.00000 1.00000
vt 0.00000 0.00000
vt 1.00000 0.00000
vt 1.00000 1.00000
vt 0.00000 1.00000
vt 0.00000 0.00000
vt 1.00000 0.00000
vt 1.00000 1.00000
vt 0.00000 1.00000
vt 0.00000 0.00000
vt 1.00000 0.00000
vt 1.00000 1.00000
vt 0.00000 1.00000
vt 0.00000 0.00000
vt 1.00000 0.00000
vt 1.00000 1.00000
vt 0.00000 1.00000
vt 0.00000 0.00000
vt 1.00000 0.00000
vt 1.00000 1.00000
vt 0.00000 1.00000
vt 0.00000 0.00000
vt 1.00000 0.00000
vt 1.00000 1.00000
vt 0.00000 1.00000
vt 0.00000 0.00000
vt 1.00000 0.00000
vt 1.00000 1.00000
vt 0.00000 1.00000
vt 0.00000 0.00000
vt 1.00000 0.00000
vt 1.00000 1.00000
vt 0.00000 1.00000
vt 0.00000 0.00000
vt 1.00000 0.00000
vt 1.00000 1.00000
vt 0.00000 1.00000
vt 0.00000 0.00000
vt 1.00000 0.00000
vt 1.00000 1.00000
vt 0.00000 1.00000
vt 0.00000 0.00000
vt 1.00000 0.00000
vt 1.00000 1.00000
vt 0.00000 1.00000
vt 0.00000 0.00000
vt 1.00000 0.00000
vt 1.00000 1.00000
vt 0.00000 1.00000
vt 0.00000 0.00000
vt 1.00000 0.00000
vt 1.00000 1.00000
vt 0.00000 1.00000
vt 0.00000 0.00000
vt 1.00000 0.00000
vt 1.00000 1.00000
vt 0.00000 1.00000
vt 0.00000 0.00000
vt 1.00000 0.00000
vt 1.00000 1.00000
vt 0.00000 1.00000
vt 0.00000 0.00000
vt 1.00000 0.00000
vt 1.00000 1.00000
vt 0.00000 1.00000
vt 0.00000 0.00000
vt 1.00000 0.00000
vt 1.00000 1.00000
vt 0.00000 1.00000
vt 0.00000 0.00000
vt 1.00000 0.00000
vt 1.00000 1.00000
vt 0.00000 1.00000
vt 0.00000 0.00000
vt 1.00000 0.00000
vt 1.00000 1.00000
vt 0.00000 1.00000
vt 0.00000 0.00000
vt 1.00000 0.00000
vt 1.00000 1.00000
vt 0.00000 1.00000
vt 0.00000 0.00000
vt 1.00000 0.00000
vt 1.00000 1.00000
vt 0.00000 1.00000
vt 0.00000 0.00000
vt 1.00000 0.00000
vt 1.00000 1.00000
vt 0.00000 1.00000
vt 0.00000 0.00000
vt 1.00000 0.00000
vt 1.00000 1.00000
vt 0.00000 1.00000
vt 0.00000 0.00000
vt 1.00000 0.00000
vt 1.00000 1.00000
vt 0.00000 1.00000
vt 0.00000 0.00000
vt 1.00000 0.00000
vt 1.00000 1.00000
vt 0.00000 1.00000
vt 0.00000 0.00000
vt 1.00000 0.00000
vt 1.00000 1.00000
vt 0.00000 1.00000
vt 0.00000 0.00000
vt 1.00000 0.00000
vt 1.00000 1.00000
vt 0.00000 1.00000
vt 0.00000 0.00000
vt 1.00000 0.00000
vt 1.00000 1.00000
vt 0.00000 1.00000
vt 0.00000 0.00000
vt 1.00000 0.00000
vt 1.00000 1.00000
vt 0.00000 1.00000
vt 0.00000 0.00000
vt 1.00000 0.00000
vt 1.00000 1.00000
vt 0.00000 1.00000
vt 0.00000 0.00000
vt 1.00000 0.00000
vt 1.00000 1.00000
vt 0.00000 1.00000
vt 0.00000 0.00000
vt 1.00000 0.00000
vt 1.00000 1.00000
vt 0.00000 1.00000
vt 0.00000 0.00000
vt 1.00000 0.00000
vt 1.00000 1.00000
vt 0.00000 1.00000
vt 0.00000 0.00000
vt 1.00000 0.00000
vt 1.00000 1.00000
vt 0.00000 1.00000
vt 0.00000 0.00000
vt 1.00000 0.00000
vt 1.00000 1.00000
vt 0.00000 1.00000
vt 0.00000 0.00000
vt 1.00000 0.00000
vt 1.00000 1.00000
vt 0.00000 1.00000
vt 0.00000 0.00000
vt 1.00000 0.00000
vt 1.00000 1.00000
vt 0.00000 1.00000
vt 0.00000 0.00000
vt 1.00000 0.00000
vt 1.00000 1.00000
vt 0.00000 1.00000
vt 0.00000 0.00000
vt 1.00000 0.00000
vt 1.00000 1.00000
vt 0.00000 1.00000
vt 0.00000 0.00000
vt 1.00000 0.00000
vt 1.00000 1.00000
vt 0.00000 1.00000
vt 0.00000 0.00000
vt 1.00000 0.00000
vt 1.00000 1.00000
vt 0.00000 1.00000
vt 0.00000 0.00000
vt 1.00000 0.00000
vt 1.00000 1.00000
vt 0.00000 1.00000
vt 0.00000 0.00000
vt 1.00000 0.00000
vt 1.00000 1.00000
vt 0.00000 1.00000
vt 0.00000 0.00000
vt 1.00000 0.00000
vt 1.00000 1.00000
vt 0.00000 1.00000
vt 0.00000 0.00000
vt 1.00000 0.00000
vt 1.00000 1.00000
vt 0.00000 1.00000
vt 0.00000 0.00000
vt 1.00000 0.00000
vt 1.00000 1.00000
vt 0.00000 1.00000
vt 0.00000 0.00000
vt 1.00000 0.00000
vt 1.00000 1.00000
vt 0.00000 1.00000
vt 0.00000 0.00000
vt 1.00000 0.00000
vt 1.00000 1.00000
vt 0.00000 1.00000
vt 0.00000 0.00000
vt 1.00000 0.00000
vt 1.00000 1.00000
vt 0.00000 1.00000
vt 0.00000 0.00000
vt 1.00000 0.00000
vt 1.00000 1.00000
vt 0.00000 1.00000
vt 0.00000 0.00000
vt 1.00000 0.00000
vt 1.00000 1.00000
vt 0.00000 1.00000
vt 0.00000 0.00000
vt 1.00000 0.00000
vt 1.00000 1.00000
vt 0.00000 1.00000
vt 0.00000 0.00000
vt 1.00000 0.00000
vt 1.00000 1.00000
vt 0.00000 1.00000
vt 0.00000 0.00000
vt 1.00000 0.00000
vt 1.00000 1.00000
vt 0.00000 1.00000
vt 0.00000 0.00000
vt 1.00000 0.00000
vt 1.00000 1.00000
vt 0.00000 1.00000
vt 0.00000 0.00000
vt 1.00000 0.00000
vt 1.00000 1.00000
vt 0.00000 1.00000
vt 0.00000 0.00000
vt 1.00000 0.00000
vt 1.00000 1.00000
vt 0.00000 1.00000
vt 0.00000 0.00000
vt 1.00000 0.00000
vt 1.00000 1.00000
vt 0.00000 1.00000
vt 0.00000 0.00000
vt 1.00000 0.00000
vt 1.00000 1.00000
vt 0.00000 1.00000
vt 0.00000 0.00000
vt 1.00000 0.00000
vt 1.00000 1.00000
vt 0.00000 1.00000
vt 0.00000 0.00000
vt 1.00000 0.00000
vt 1.00000 1.00000
vt 0.00000 1.00000
vt 0.00000 0.00000
vt 1.00000 0.00000
vt 1.00000 1.00000
vt 0.00000 1.00000
vt 0.00000 0.00000
vt 1.00000 0.00000
vt 1.00000 1.00000
vt 0.00000 1.00000
vt 0.00000 0.00000
vt 1.00000 0.00000
vt 1.00000 1.00000
vt 0.00000 1.00000
vt 0.00000 0.00000
vt 1.00000 0.00000
vt 1.00000 1.00000
vt 0.00000 1.00000
vt 0.00000 0.00000
vt 1.00000 0.00000
vt 1.00000 1.00000
vt 0.00000 1.00000
vt 0.00000 0.00000
vt 1.00000 0.00000
vt 1.00000 1.00000
vt 0.00000 1.00000
vt 0.00000 0.00000
vt 1.00000 0.00000
vt 1.00000 1.00000
vt 0.00000 1.00000
vt 0.00000 0.00000
vt 1.00000 0.00000
vt 1.00000 1.00000
vt 0.00000 1.00000
vt 0.00000 0.00000
vt 1.00000 0.00000
vt 1.00000 1.00000
vt 0.00000 1.00000
vt 0.00000 0.00000
vt 1.00000 0.00000
vt 1.00000 1.00000
vt 0.00000 1.00000
vt 0.00000 0.00000
vt 1.00000 0.00000
vt 1.00000 1.00000
vt 0.00000 1.00000
vt 0.00000 0.00000
vt 1.00000 0.00000
vt 1.00000 1.00000
vt 0.00000 1.00000
vt 0.00000 0.00000
vt 1.00000 0.00000
vt 1.00000 1.00000
vt 0.00000 1.00000
vt 0.00000 0.00000
vt 1.00000 0.00000
vt 1.00000 1.00000
vt 0.00000 1.00000
vt 0.00000 0.00000
vt 1.00000 0.00000
vt 1.00000 1.00000
vt 0.00000 1.00000
vt 0.00000 0.00000
vt 1.00000 0.00000
vt 1.00000 1.00000
vt 0.00000 1.00000
vt 0.00000 0.00000
vt 1.00000 0.00000
vt 1.00000 1.00000
vt 0.00000 1.00000
vt 0.00000 0.00000
vt 1.00000 0.00000
vt 1.00000 1.00000
vt 0.00000 1.00000
vt 0.00000 0.00000
vt 1.00000 0.00000
vt 1.00000 1.00000
vt 0.00000 1.00000
vt 0.00000 0.00000
vt 1.00000 0.00000
vt 1.00000 1.00000
vt 0.00000 1.00000
vt 0.00000 0.00000
vt 1.00000 0.00000
vt 1.00000 1.00000
vt 0.00000 1.00000
vt 0.00000 0.00000
vt 1.00000 0.00000
vt 1.00000 1.00000
vt 0.00000 1.00000
vt 0.00000 0.00000
vt 1.00000 0.00000
vt 1.00000 1.00000
vt 0.00000 1.00000
vt 0.00000 0.00000
vt 1.00000 0.00000
vt 1.00000 1.00000
vt 0.00000 1.00000
vt 0.00000 0.00000
vt 1.00000 0.00000
vt 1.00000 1.00000
vt 0.00000 1.00000
vt 0.00000 0.00000
vt 1.00000 0.00000
vt 1.00000 1.00000
vt 0.00000 1.00000
vt 0.00000 0.00000
vt 1.00000 0.00000
vt 1.00000 1.00000
vt 0.00000 1.00000
vt 0.00000 0.00000
vt 1.00000 0.00000
vt 1.00000 1.00000
vt 0.00000 1.00000
vt 0.00000 0.00000
vt 1.00000 0.00000
vt 1.00000 1.00000
vt 0.00000 1.00000
vt 0.00000 0.00000
vt 1.00000 0.00000
vt 1.00000 1.00000
vt 0.00000 1.00000
vt 0.00000 0.00000
vt 1.00000 0.00000
vt 1.00000 1.00000
vt 0.00000 1.00000
vt 0.00000 0.00000
vt 1.00000 0.00000
vt 1.00000 1.00000
vt 0.00000 1.00000
vt 0.00000 0.00000
vt 1.00000 0.00000
vt 1.00000 1.00000
vt 0.00000 1.00000
vt 0.00000 0.00000
vt 1.00000 0.00000
vt 1.00000 1.00000
vt 0.00000 1.00000
vt 0.00000 0.00000
vt 1.00000 0.00000
vt 1.00000 1.00000
vt 0.00000 1.00000
vt 0.00000 0.00000
vt 1.00000 0.00000
vt 1.00000 1.00000
vt 0.00000 1.00000
vt 0.00000 0.00000
vt 1.00000 0.00000
vt 1.00000 1.00000
vt 0.00000 1.00000
vt 0.00000 0.00000
vt 1.00000 0.00000
vt 1.00000 1.00000
vt 0.00000 1.00000
vt 0.00000 0.00000
vt 1.00000 0.00000
vt 1.00000 1.00000
vt 0.00000 1.00000
vt 0.00000 0.00000
vt 1.00000 0.00000
vt 1.00000 1.00000
vt 0.00000 1.00000
vt 0.00000 0.00000
vt 1.00000 0.00000
vt 1.00000 1.00000
vt 0.00000 1.00000
vt 0.00000 0.00000
vt 1.00000 0.00000
vt 1.00000 1.00000
vt 0.00000 1.00000
vt 0.00000 0.00000
vt 1.00000 0.00000
vt 1.00000 1.00000
vt 0.00000 1.00000
vt 0.00000 0.00000
vt 1.00000 0.00000
vt 1.00000 1.00000
vt 0.00000 1.00000
vt 0.00000 0.00000
vt 1.00000 0.00000
vt 1.00000 1.00000
vt 0.00000 1.00000
vt 0.00000 0.00000
vt 1.00000 0.00000
vt 1.00000 1.00000
vt 0.00000 1.00000
vt 0.00000 0.00000
vt 1.00000 0.00000
vt 1.00000 1.00000
vt 0.00000 1.00000
vt 0.00000 0.00000
vt 1.00000 0.00000
vt 1.00000 1.00000
vt 0.00000 1.00000
vt 0.00000 0.00000
vt 1.00000 0.00000
vt 1.00000 1.00000
vt 0.00000 1.00000
vt 0.00000 0.00000
vt 1.00000 0.00000
vt 1.00000 1.00000
vt 0.00000 1.00000
vt 0.00000 0.00000
vt 1.00000 0.00000
vt 1.00000 1.00000
vt 0.00000 1.00000
vt 0.00000 0.00000
vt 1.00000 0.00000
vt 1.00000 1.00000
vt 0.00000 1.00000
vt 0.00000 0.00000
vt 1.00000 0.00000
vt 1.00000 1.00000
vt 0.00000 1.00000
vt 0.00000 0.00000
vt 1.00000 0.00000
vt 1.00000 1.00000
vt 0.00000 1.00000
vt 0.00000 0.00000
vt 1.00000 0.00000
vt 1.00000 1.00000
vt 0.00000 1.00000
vt 0.00000 0.00000
vt 1.00000 0.00000
vt 1.00000 1.00000
vt 0.00000 1.00000
vt 0.00000 0.00000
vt 1.00000 0.00000
vt 1.00000 1.00000
vt 0.00000 1.00000
vt 0.00000 0.00000
vt 1.00000 0.00000
vt 1.00000 1.00000
vt 0.00000 1.00000
vt 0.00000 0.00000
vt 1.00000 0.00000
vt 1.00000 1.00000
vt 0.00000 1.00000
vt 0.00000 0.00000
vt 1.00000 0.00000
vt 1.00000 1.00000
vt 0.00000 1.00000
vt 0.00000 0.00000
vt 1.00000 0.00000
vt 1.00000 1.00000
vt 0.00000 1.00000
vt 0.00000 0.00000
vt 1.00000 0.00000
vt 1.00000 1.00000
vt 0.00000 1.00000
vt 0.00000 0.00000
vt 1.00000 0.00000
vt 1.00000 1.00000
vt 0.00000 1.00000
vt 0.00000 0.00000
vt 1.00000 0.00000
vt 1.00000 1.00000
vt 0.00000 1.00000
vt 0.00000 0.00000
vt 1.00000 0.00000
vt 1.00000 1.00000
vt 0.00000 1.00000
vt 0.00000 0.00000
vt 1.00000 0.00000
vt 1.00000 1.00000
vt 0.00000 1.00000
vt 0.00000 0.00000
vt 1.00000 0.00000
vt 1.00000 1.00000
vt 0.00000 1.00000
vt 0.00000 0.00000
vt 1.00000 0.00000
vt 1.00000 1.00000
vt 0.00000 1.00000
vt 0.00000 0.00000
vt 1.00000 0.00000
vt 1.00000 1.00000
vt 0.00000 1.00000
vt 0.00000 0.00000
vt 1.00000 0.00000
vt 1.00000 1.00000
vt 0.00000 1.00000
vt 0.00000 0.00000
vt 1.00000 0.00000
vt 1.00000 1.00000
vt 0.00000 1.00000
vt 0.00000 0.00000
vt 1.00000 0.00000
vt 1.00000 1.00000
vt 0.00000 1.00000
vt 0.00000 0.00000
vt 1.00000 0.00000
vt 1.00000 1.00000
vt 0.00000 1.00000
vt 0.00000 0.00000
vt 1.00000 0.00000
vt 1.00000 1.00000
vt 0.00000 1.00000
vt 0.00000 0.00000
vt 1.00000 0.00000
vt 1.00000 1.00000
vt 0.00000 1.00000
vt 0.00000 0.00000
vt 1.00000 0.00000
vt 1.00000 1.00000
vt 0.00000 1.00000
vt 0.00000 0.00000
vt 1.00000 0.00000
vt 1.00000 1.00000
vt 0.00000 1.00000
vt 0.00000 0.00000
vt 1.00000 0.00000
vt 1.00000 1.00000
vt 0.00000 1.00000
vt 0.00000 0.00000
vt 1.00000 0.00000
vt 1.00000 1.00000
vt 0.00000 1.00000
vt 0.00000 0.00000
vt 1.00000 0.00000
vt 1.00000 1.00000
vt 0.00000 1.00000
vt 0.00000 0.00000
vt 1.00000 0.00000
vt 1.00000 1.00000
vt 0.00000 1.00000
vt 0.00000 0.00000
vt 1.00000 0.00000
vt 1.00000 1.00000
vt 0.00000 1.00000
vt 0.00000 0.00000
vt 1.00000 0.00000
vt 1.00000 1.00000
vt 0.00000 1.00000
vt 0.00000 0.00000
vt 1.00000 0.00000
vt 1.00000 1.00000
vt 0.00000 1.00000
vt 0.00000 0.00000
vt 1.00000 0.00000
vt 1.00000 1.00000
vt 0.00000 1.00000
vt 0.00000 0.00000
vt 1.00000 0.00000
vt 1.00000 1.00000
vt 0.00000 1.00000
vt 0.00000 0.00000
vt 1.00000 0.00000
vt 1.00000 1.00000
vt 0.00000 1.00000
vt 0.00000 0.00000
vt 1.00000 0.00000
vt 1.00000 1.00000
vt 0.00000 1.00000
vt 0.00000 0.00000
vt 1.00000 0.00000
vt 1.00000 1.00000
vt 0.00000 1.00000
vt 0.00000 0.00000
vt 1.00000 0.00000
vt 1.00000 1.00000
vt 0.00000 1.00000
vt 0.00000 0.00000
vt 1.00000 0.00000
vt 1.00000 1.00000
vt 0.00000 1.00000
vt 0.00000 0.00000
vt 1.00000 0.00000
vt 1.00000 1.00000
vt 0.00000 1.00000
vt 0.00000 0.00000
vt 1.00000 0.00000
vt 1.00000 1.00000
vt 0.00000 1.00000
vt 0.00000 0.00000
vt 1.00000 0.00000
vt 1.00000 1.00000
vt 0.00000 1.00000
vt 0.00000 0.00000
vt 1.00000 0.00000
vt 1.00000 1.00000
vt 0.00000 1.00000
vt 0.00000 0.00000
vt 1.00000 0.00000
vt 1.00000 1.00000
vt 0.00000 1.00000
vt 0.00000 0.00000
vt 1.00000 0.00000
vt 1.00000 1.00000
vt 0.00000 1.00000
vt 0.00000 0.00000
vt 1.00000 0.00000
vt 1.00000 1.00000
vt 0.00000 1.00000
vt 0.00000 0.00000
vt 1.00000 0.00000
vt 1.00000 1.00000
vt 0.00000 1.00000
vt 0.00000 0.00000
vt 1.00000 0.00000
vt 1.00000 1.00000
vt 0.00000 1.00000
vt 0.00000 0.00000
vt 1.00000 0.00000
vt 1.00000 1.00000
vt 0.00000 1.00000
vt 0.00000 0.00000
vt 1.00000 0.00000
vt 1.00000 1.00000
vt 0.00000 1.00000
vt 0.00000 0.00000
vt 1.00000 0.00000
vt 1.00000 1.00000
vt 0.00000 1.00000
vt 0.00000 0.00000
vt 1.00000 0.00000
vt 1.00000 1.00000
vt 0.00000 1.00000
vt 0.00000 0.00000
vt 1.00000 0.00000
vt 1.00000 1.00000
vt 0.00000 1.00000
vt 0.00000 0.00000
vt 1.00000 0.00000
vt 1.00000 1.00000
vt 0.00000 1.00000
vt 0.00000 0.00000
vt 1.00000 0.00000
vt 1.00000 1.00000
vt 0.00000 1.00000
vt 0.00000 0.00000
vt 1.00000 0.00000
vt 1.00000 1.00000
vt 0.00000 1.00000
vt 0.00000 0.00000
vt 1.00000 0.00000
vt 1.00000 1.00000
vt 0.00000 1.00000
vt 0.00000 0.00000
vt 1.00000 0.00000
vt 1.00000 1.00000
vt 0.00000 1.00000
vn -0.4339 0.0131 -0.9008
vn -0.9749 -0.0034 -0.2226
vn -0.7818 -0.0112 0.6234
vn -0.0001 -0.0045 1.0000
vn 0.7816 0.0118 0.6237
vn 0.9747 0.0252 -0.2222
vn 0.4337 0.0258 -0.9007
vn -0.4336 -0.0174 -0.9010
vn -0.9745 -0.0291 -0.2225
vn -0.7817 -0.0127 0.6235
vn -0.0005 0.0193 0.9998
vn 0.7808 0.0429 0.6233
vn 0.9741 0.0404 -0.2225
vn 0.4337 0.0136 -0.9010
vn -0.4334 -0.0425 -0.9002
vn -0.9744 -0.0363 -0.2217
vn -0.7818 0.0033 0.6235
vn -0.0008 0.0466 0.9989
vn 0.7806 0.0609 0.6221
vn 0.9741 0.0354 -0.2235
vn 0.4337 -0.0106 -0.9010
vn -0.4341 -0.0250 -0.9005
vn -0.9749 -0.0049 -0.2224
vn -0.7819 0.0250 0.6229
vn -0.0001 0.0422 0.9991
vn 0.7818 0.0337 0.6227
vn 0.9748 0.0059 -0.2229
vn 0.4337 -0.0202 -0.9008
vn -0.4339 -0.0229 -0.9007
vn -0.9749 -0.0050 -0.2225
vn -0.7818 0.0228 0.6231
vn -0.0000 0.0395 0.9992
vn 0.7818 0.0325 0.6227
vn 0.9748 0.0072 -0.2229
vn 0.4338 -0.0174 -0.9008
vn -0.4341 0.0316 -0.9003
vn -0.9749 -0.0061 -0.2225
vn -0.7813 -0.0332 0.6233
vn 0.0004 -0.0292 0.9996
vn 0.7818 0.0029 0.6235
vn 0.9742 0.0388 -0.2223
vn 0.4328 0.0516 -0.9000
vn -0.4339 0.0467 -0.8997
vn -0.9748 0.0232 -0.2217
vn -0.7818 -0.0116 0.6234
vn -0.0001 -0.0315 0.9995
vn 0.7818 -0.0216 0.6231
vn 0.9749 0.0107 -0.2223
vn 0.4338 0.0411 -0.9001
vn -0.4332 -0.0241 -0.9010
vn -0.9743 -0.0326 -0.2229
vn -0.7818 -0.0105 0.6234
vn -0.0006 0.0256 0.9997
vn 0.7803 0.0485 0.6235
vn 0.9742 0.0410 -0.2220
vn 0.4339 0.0087 -0.9009
vn -0.4340 -0.0191 -0.9007
vn -0.9747 -0.0243 -0.2221
vn -0.7817 -0.0051 0.6236
vn -0.0002 0.0241 0.9997
vn 0.7812 0.0412 0.6229
vn 0.9742 0.0334 -0.2231
vn 0.4334 0.0066 -0.9012
vn -0.8700 -0.4565 0.1864
vn 0.1731 -0.7430 0.6465
vn 0.9743 0.0070 0.2252
vn 0.4264 0.7569 -0.4953
vn -0.7135 0.4704 -0.5193
vn -0.8643 -0.4409 0.2422
vn 0.2020 -0.7511 0.6286
vn 0.9874 -0.0136 0.1580
vn 0.4062 0.7521 -0.5190
vn -0.7381 0.4874 -0.4665
vn -0.5047 -0.4443 0.7402
vn 0.5795 -0.7210 0.3799
vn 0.8658 0.0035 -0.5005
vn -0.0415 0.7281 -0.6842
vn -0.8885 0.4513 0.0825
vn -0.4554 -0.3882 0.8012
vn 0.6266 -0.6505 0.4291
vn 0.8466 -0.0087 -0.5321
vn -0.1013 0.6503 -0.7529
vn -0.9064 0.4164 0.0708
vn 0.6629 -0.2428 0.7083
vn 0.8053 -0.3863 -0.4497
vn -0.1714 -0.0107 -0.9851
vn -0.9175 0.3649 -0.1581
vn -0.4019 0.2215 0.8885
vn 0.6811 -0.2397 0.6918
vn 0.7902 -0.3955 -0.4682
vn -0.1988 -0.0192 -0.9799
vn -0.9193 0.3692 -0.1362
vn -0.3755 0.2329 0.8971
vn -0.8348 -0.5350 0.1300
vn 0.1113 -0.8687 -0.4826
vn 0.8966 0.0050 -0.4428
vn 0.4359 0.8787 0.1944
vn -0.6341 0.5450 0.5485
vn -0.8317 -0.5370 0.1408
vn 0.1059 -0.8672 -0.4865
vn 0.8900 0.0079 -0.4559
vn 0.4371 0.8791 0.1903
vn -0.6271 0.5424 0.5591
vn -0.6826 -0.5682 -0.4596
vn 0.3813 -0.9187 -0.1030
vn 0.9162 -0.0010 0.4008
vn 0.1828 0.9166 0.3556
vn -0.8053 0.5661 -0.1762
vn -0.6911 -0.5768 -0.4355
vn 0.3492 -0.9367 -0.0240
vn 0.9049 -0.0039 0.4256
vn 0.2075 0.9337 0.2917
vn -0.7786 0.5797 -0.2402
vn 0.5314 -0.3358 -0.7778
vn 0.7574 -0.5472 0.3563
vn -0.0570 0.0063 0.9984
vn -0.7864 0.5598 0.2611
vn -0.4227 0.3484 -0.8366
vn 0.5311 -0.3459 -0.7734
vn 0.7373 -0.5704 0.3620
vn -0.0691 0.0020 0.9976
vn -0.7736 0.5802 0.2550
vn -0.4026 0.3652 -0.8394
vn -0.6510 -0.5560 0.5168
vn -0.0471 -0.9012 -0.4308
vn 0.6134 0.0026 -0.7898
vn 0.4176 0.9064 -0.0640
vn -0.3638 0.5611 0.7435
vn -0.7045 -0.5404 0.4600
vn -0.0362 -0.8979 -0.4387
vn 0.6744 -0.0102 -0.7383
vn 0.4451 0.8952 -0.0248
vn -0.4076 0.5669 0.7158
vn -0.5137 -0.3697 -0.7742
vn -0.7178 -0.5952 0.3613
vn 0.0756 -0.0051 0.9971
vn 0.7699 0.5852 0.2545
vn 0.4058 0.3597 -0.8402
vn -0.5904 -0.2922 -0.7523
vn -0.7776 -0.4939 0.3890
vn 0.1146 -0.0202 0.9932
vn 0.8519 0.4737 0.2233
vn 0.4179 0.3067 -0.8552
vn 0.1022 -0.4406 -0.8919
vn -0.6943 -0.7160 -0.0724
vn -0.5383 0.0051 0.8427
vn 0.3547 0.7262 0.5889
vn 0.7506 0.4508 -0.4831
vn 0.0872 -0.4394 -0.8940
vn -0.6848 -0.7266 -0.0552
vn -0.5177 -0.0024 0.8556
vn 0.3576 0.7323 0.5796
vn 0.7313 0.4621 -0.5017
vn 0.0385 -0.4296 -0.9022
vn -0.6925 -0.7209 -0.0289
vn -0.4736 -0.0088 0.8807
vn 0.3926 0.7224 0.5692
vn 0.7090 0.4621 -0.5328
vn 0.7615 -0.5878 -0.2732
vn -0.2936 -0.9510 0.0966
vn -0.9445 0.0000 0.3286
vn -0.2916 0.9511 0.1024
vn 0.7628 0.5878 -0.2696
vn 0.7126 -0.5839 -0.3889
vn -0.3036 -0.9499 0.0746
vn -0.9022 -0.0018 0.4312
vn -0.2562 0.9482 0.1880
vn 0.7430 0.5882 -0.3194
vn 0.1206 -0.5862 -0.8012
vn -0.1416 -0.9477 0.2862
vn -0.1912 -0.0012 0.9815
vn 0.0401 0.9452 0.3239
vn 0.2330 0.5837 -0.7778
vn 0.0566 -0.5764 -0.8152
vn -0.2670 -0.9285 0.2582
vn -0.2050 -0.0009 0.9788
vn 0.1573 0.9238 0.3491
vn 0.3187 0.5696 -0.7576
vn 0.0890 -0.4013 -0.9116
vn -0.7530 -0.6453 -0.1285
vn -0.5476 -0.0066 0.8367
vn 0.4214 0.6323 0.6501
vn 0.8149 0.3882 -0.4303
vn 0.0212 -0.3364 -0.9415
vn -0.8148 -0.5606 -0.1476
vn -0.5188 -0.0195 0.8547
vn 0.4999 0.5384 0.6784
vn 0.8346 0.3437 -0.4305
vn 0.4506 -0.5814 -0.6774
vn -0.0176 -0.9405 0.3393
vn -0.4647 -0.0004 0.8855
vn -0.2728 0.9397 0.2062
vn 0.2929 0.5806 -0.7597
vn 0.4352 -0.5833 -0.6858
vn -0.0282 -0.9425 0.3331
vn -0.4559 0.0003 0.8900
vn -0.2567 0.9422 0.2154
vn 0.2940 0.5815 -0.7586
vn -0.4644 -0.5822 -0.6673
vn 0.2965 -0.9427 0.1529
vn 0.6568 0.0011 0.7541
vn 0.1185 0.9449 0.3053
vn -0.5744 0.5844 -0.5732
vn -0.5150 -0.5868 -0.6249
vn 0.2860 -0.9452 0.1577
vn 0.7003 0.0041 0.7139
vn 0.1559 0.9485 0.2756
vn -0.5954 0.5837 -0.5521
vn 0.8123 -0.4639 0.3535
vn -0.3036 -0.7536 0.5830
vn -0.9999 0.0049 0.0158
vn -0.3143 0.7634 -0.5643
vn 0.8057 0.4737 -0.3556
vn 0.8203 -0.4679 0.3289
vn -0.2891 -0.7414 0.6055
vn -0.9984 0.0165 0.0544
vn -0.3277 0.7587 -0.5630
vn 0.7964 0.4593 -0.3934
vn 0.8340 -0.4874 0.2586
vn -0.2632 -0.7942 0.5477
vn -0.9950 0.0090 0.0994
vn -0.3501 0.8122 -0.4667
vn 0.7803 0.5054 -0.3683
vn 0.8293 -0.4631 0.3127
vn -0.2736 -0.7728 0.5727
vn -0.9982 -0.0015 0.0602
vn -0.3420 0.7849 -0.5167
vn 0.7879 0.4993 -0.3605
vn -0.4753 -0.5555 -0.6822
vn -0.1774 -0.8983 0.4021
vn 0.3693 -0.0010 0.9293
vn 0.4093 0.8963 0.1708
vn -0.1128 0.5536 -0.8251
vn -0.5139 -0.5487 -0.6594
vn -0.1528 -0.9028 0.4021
vn 0.4229 -0.0106 0.9061
vn 0.4178 0.8949 0.1566
vn -0.1613 0.5622 -0.8111
vn -0.5042 -0.5328 -0.6797
vn 0.4812 -0.8665 -0.1327
vn 0.8153 0.0072 0.5790
vn 0.0362 0.8808 0.4722
vn -0.7792 0.5471 -0.3058
vn -0.5231 -0.5564 -0.6456
vn 0.4031 -0.9150 -0.0163
vn 0.7872 -0.0017 0.6167
vn 0.0973 0.9210 0.3772
vn -0.7101 0.5791 -0.4004
vn -0.5833 -0.1513 -0.7980
vn -0.9441 -0.0836 0.3187
vn 0.0005 0.0932 0.9956
vn 0.9452 0.1348 0.2973
vn 0.5844 -0.0163 -0.8113
vn -0.5832 -0.1612 -0.7962
vn -0.9458 -0.0656 0.3180
vn -0.0006 0.1142 0.9935
vn 0.9461 0.1297 0.2967
vn 0.5860 -0.0405 -0.8093
vn -0.3446 -0.5040 -0.7920
vn -0.4671 -0.8187 0.3340
vn 0.0436 0.0051 0.9990
vn 0.4818 0.8289 0.2841
vn 0.2420 0.5143 -0.8228
vn -0.4388 -0.4571 -0.7736
vn -0.5349 -0.7670 0.3543
vn 0.0969 -0.0090 0.9953
vn 0.5832 0.7693 0.2611
vn 0.2522 0.4927 -0.8329
vn 0.4643 -0.4056 -0.7873
vn -0.6241 -0.6579 -0.4216
vn -0.8518 0.0025 0.5239
vn 0.0959 0.6629 0.7425
vn 0.9093 0.4106 -0.0678
vn 0.4305 -0.3655 -0.8253
vn -0.6555 -0.6078 -0.4482
vn -0.8378 -0.0066 0.5459
vn 0.1362 0.6073 0.7827
vn 0.9203 0.3858 -0.0646
vn 0.0520 -0.5875 -0.8075
vn -0.0648 -0.9503 0.3045
vn -0.0772 -0.0005 0.9970
vn 0.0317 0.9492 0.3130
vn 0.1115 0.5864 -0.8023
vn 0.0578 -0.5863 -0.8081
vn -0.1744 -0.9412 0.2892
vn -0.1509 0.0026 0.9885
vn 0.0962 0.9414 0.3233
vn 0.2248 0.5770 -0.7852
vn -0.2431 -0.4831 0.8411
vn 0.6085 -0.7884 0.0908
vn 0.6374 0.0109 -0.7704
vn -0.1962 0.8102 -0.5524
vn -0.7405 0.5049 0.4436
vn -0.2170 -0.4645 0.8586
vn 0.6370 -0.7631 0.1094
vn 0.6291 0.0084 -0.7773
vn -0.2306 0.7845 -0.5757
vn -0.7537 0.4920 0.4358
vn -0.8331 -0.4831 0.2693
vn 0.2650 -0.7826 0.5634
vn 0.9967 0.0014 0.0816
vn 0.3508 0.7853 -0.5102
vn -0.7801 0.4858 -0.3943
vn -0.8307 -0.4569 0.3179
vn 0.2710 -0.7526 0.6002
vn 0.9984 -0.0062 0.0556
vn 0.3457 0.7506 -0.5631
vn -0.7849 0.4722 -0.4011
vn -0.8525 -0.5228 0.0033
vn 0.1609 -0.8508 0.5003
vn 0.9447 0.0079 0.3277
vn 0.4158 0.8666 -0.2759
vn -0.6950 0.5386 -0.4764
vn -0.8463 -0.5302 -0.0522
vn 0.1228 -0.8309 0.5427
vn 0.9122 0.0276 0.4088
vn 0.4336 0.8602 -0.2685
vn -0.6540 0.5154 -0.5538
vn -0.7793 -0.5623 -0.2767
vn 0.3428 -0.9100 -0.2332
vn 0.9914 0.0003 0.1311
vn 0.2700 0.9105 0.3131
vn -0.8243 0.5628 0.0610
vn -0.7753 -0.5731 -0.2654
vn 0.3300 -0.9387 -0.1000
vn 0.9794 -0.0080 0.2019
vn 0.2750 0.9352 0.2230
vn -0.8078 0.5858 -0.0654
vn 0.6621 -0.4761 0.5787
vn 0.3601 -0.7768 -0.5167
vn -0.4204 0.0105 -0.9073
vn -0.6007 0.7977 -0.0533
vn 0.0684 0.4970 0.8651
vn 0.7225 -0.4495 0.5254
vn 0.3368 -0.7738 -0.5364
vn -0.4972 -0.0137 -0.8675
vn -0.6260 0.7798 -0.0098
vn 0.1285 0.5094 0.8509
vn -0.4238 -0.4475 0.7875
vn 0.6103 -0.7308 0.3058
vn 0.8122 0.0110 -0.5833
vn -0.0971 0.7528 -0.6511
vn -0.8609 0.4695 0.1962
vn -0.3136 -0.4255 0.8489
vn 0.5959 -0.7806 0.1886
vn 0.6937 -0.0422 -0.7190
vn -0.1541 0.7688 -0.6207
vn -0.7740 0.5286 0.3487
vn -0.2853 -0.5343 -0.7957
vn -0.3656 -0.8714 0.3270
vn 0.0203 0.0113 0.9997
vn 0.3389 0.8941 0.2927
vn 0.1500 0.5569 -0.8169
vn -0.3017 -0.5408 -0.7852
vn -0.2762 -0.9011 0.3342
vn 0.0920 -0.0018 0.9958
vn 0.2935 0.9128 0.2841
vn 0.0503 0.5789 -0.8138
vn -0.7625 0.6420 0.0803
vn -0.0096 0.9786 -0.2053
vn 0.6201 0.3635 -0.6952
vn -0.5473 0.6800 0.4880
vn -0.1155 -0.1317 0.9845
vn -0.9924 0.1126 -0.0504
vn -0.1781 -0.5021 -0.8463
vn -0.2222 0.0023 0.9750
vn 0.2403 0.7715 0.5891
vn 0.1395 0.9425 0.3036
vn 0.7837 0.5450 0.2982
vn 0.0113 0.7969 0.6040
vn -0.4232 0.5955 0.6829
vn 0.3146 -0.5454 -0.7769
vn 0.3892 0.8309 0.3976
vn -0.3576 0.7766 0.5187
vn -0.3902 0.8345 -0.3890
vn 0.0146 0.9402 0.3403
vn -0.1355 -0.0634 -0.9887
vn -0.5117 0.8099 0.2869
vn -0.4907 0.3630 -0.7921
vn -0.5601 0.0873 0.8238
vn 0.5203 -0.6528 0.5506
vn -0.8665 0.3422 -0.3635
vn 0.1663 0.2013 -0.9653
vn 0.7930 0.1996 -0.5756
vn 0.1124 0.9082 0.4032
vn -0.2866 0.8280 -0.4820
vn -0.0751 0.8721 0.4835
vn 0.2467 -0.9192 -0.3070
vn -0.7897 0.4509 0.4160
vn -0.6560 0.6515 -0.3810
vn 0.3826 -0.4102 -0.8279
vn -0.3831 0.2619 0.8858
vn 0.3932 -0.0338 -0.9188
vn -0.6179 0.3646 0.6966
vn -0.3169 0.8332 -0.4531
vn -0.8255 0.2746 0.4932
vn -0.8434 -0.4984 -0.2008
vn -0.4309 0.8369 0.3375
vn -0.9545 -0.0868 -0.2852
vn 0.5707 0.1904 -0.7988
vn 0.4395 0.6226 -0.6475
vn -0.3298 -0.1080 0.9379
vn 0.3885 0.8987 0.2036
vn -0.7442 -0.4849 -0.4594
vn 0.6364 0.6585 -0.4017
vn -0.4278 -0.4406 -0.7892
vn -0.8764 -0.4816 -0.0032
vn 0.5635 0.5513 -0.6153
vn -0.5789 -0.1826 -0.7947
vn -0.4680 0.8424 0.2672
vn -0.7690 -0.0524 -0.6371
vn -0.1756 -0.2245 0.9585
vn -0.7953 -0.2684 -0.5435
vn -0.7276 -0.0296 -0.6854
vn -0.6615 0.7286 -0.1775
vn -0.1132 0.7309 0.6731
vn -0.1495 0.9715 -0.1839
vn 0.8390 -0.4831 0.2502
vn -0.7483 0.3166 0.5830
vn -0.5898 0.7939 -0.1480
vn -0.1531 0.8356 0.5276
vn 0.8071 -0.5767 0.1266
vn 0.8399 -0.1242 -0.5284
vn 0.3564 0.4931 -0.7936
vn -0.6611 0.1879 -0.7264
vn 0.4982 0.3346 -0.7999
vn 0.3727 0.7869 -0.4919
vn 0.8211 -0.4948 -0.2843
vn 0.8463 -0.2352 -0.4779
vn 0.2628 0.8344 -0.4845
vn 0.1192 0.5508 0.8261
vn 0.8620 0.4435 -0.2456
vn -0.3926 0.5008 0.7714
vn 0.7321 0.6765 0.0800
vn -0.4855 -0.7319 -0.4782
vn -0.5029 -0.3446 -0.7927
vn 0.4590 0.7515 -0.4739
vn -0.8953 0.4055 -0.1846
vn -0.9075 -0.3183 0.2742
vn -0.5817 0.7271 0.3646
vn -0.1160 -0.2418 -0.9634
vn 0.9357 -0.2608 0.2377
vn -0.8723 -0.1163 -0.4749
vn -0.4003 0.8941 0.2006
vn 0.8183 0.2568 0.5141
vn -0.5844 -0.4902 -0.6467
vn 0.2905 0.8072 0.5138
vn -0.5364 0.6708 0.5121
vn 0.5710 0.5658 0.5949
vn -0.9030 -0.1287 -0.4098
vn 0.3599 -0.8946 -0.2649
vn 0.6746 -0.4360 0.5956
vn -0.0270 0.4891 0.8718
vn -0.6883 -0.3510 0.6349
vn 0.6499 0.6861 -0.3270
vn -0.5864 -0.1233 0.8006
vn 0.5801 0.7367 -0.3474
vn -0.1332 0.9760 0.1723
vn 0.3100 0.7913 -0.5270
vn -0.4110 0.8600 0.3025
vn 0.5854 0.2758 -0.7624
vn 0.6198 0.7847 0.0010
vn 0.9538 0.2455 0.1729
vn 0.4896 0.8629 -0.1257
vn 0.7711 -0.4458 -0.4546
vn 0.3143 0.9219 -0.2264
vn 0.7046 0.3106 -0.6380
vn 0.0475 0.1869 0.9812
vn -0.3811 -0.7077 -0.5950
vn -0.6681 -0.2861 0.6869
vn 0.4820 0.8444 0.2340
vn 0.5435 0.8376 -0.0544
vn -0.6786 0.1493 -0.7191
vn -0.7585 0.5915 -0.2737
vn 0.4523 0.8012 0.3918
vn 0.3590 -0.1726 -0.9172
vn 0.5690 -0.3065 0.7631
vn 0.0729 0.9867 -0.1453
vn -0.7555 0.2431 -0.6084
vn -0.1100 0.8159 0.5677
vn 0.3955 -0.8614 0.3187
vn 0.7377 -0.5402 0.4049
vn 0.8996 -0.3799 -0.2155
vn 0.0697 -0.9904 0.1194
vn 0.6179 -0.6195 0.4841
vn 0.7921 0.5332 0.2970
vn 0.2060 0.7613 -0.6148
vn 0.4108 0.8815 0.2330
vn -0.7469 -0.0623 -0.6620
vn 0.5368 0.4330 0.7241
vn -0.0601 0.2142 -0.9749
vn -0.5300 0.7008 -0.4775
vn 0.4616 0.6545 0.5988
vn -0.3423 0.8897 0.3023
vn 0.5028 -0.3485 0.7910
vn -0.5854 0.7788 -0.2254
vn 0.6661 0.5659 -0.4859
vn 0.6789 0.7200 0.1438
vn 0.5238 -0.0710 -0.8489
vn 0.4796 0.7005 0.5285
vn -0.5287 -0.8283 0.1853
vn 0.4794 0.3786 -0.7917
vn 0.9128 -0.3090 0.2669
vn -0.7792 -0.3655 0.5092
vn 0.7815 0.0771 -0.6192
vn 0.6714 0.7408 -0.0187
vn 0.4224 0.8458 -0.3259
vn 0.6220 0.2236 0.7504
vn -0.6582 0.6492 0.3812
vn 0.7208 -0.1514 -0.6764
vn 0.5711 0.7670 0.2925
vn -0.4769 0.6316 0.6113
vn 0.4230 -0.7439 0.5173
vn 0.8960 -0.4270 -0.1216
vn 0.8511 0.4019 0.3377
vn 0.9615 -0.1520 -0.2288
vn -0.2532 0.8047 -0.5370
vn -0.5729 -0.1801 -0.7996
vn 0.7490 -0.5057 0.4281
vn 0.9547 -0.2473 0.1653
vn -0.8241 0.5664 -0.0090
vn -0.6496 -0.5658 0.5078
vn 0.5793 0.2670 -0.7701
vn -0.5410 -0.6575 -0.5245
vn 0.3306 0.7574 0.5631
vn 0.9363 0.3501 0.0275
vn 0.3701 -0.2416 -0.8970
vn 0.4197 -0.5410 -0.7288
vn 0.1416 0.8269 -0.5442
vn -0.1525 0.9871 0.0491
vn -0.0887 0.9036 0.4191
vn 0.9701 -0.1691 -0.1739
vn -0.6883 -0.2666 0.6747
vn 0.0689 0.9778 0.1978
vn 0.5478 -0.7598 0.3501
vn -0.7990 -0.4114 -0.4385
vn 0.3571 0.7963 0.4883
vn -0.5464 -0.2386 -0.8028
vn -0.7483 0.6630 -0.0246
vn 0.6340 0.1964 -0.7480
vn 0.1857 0.8382 0.5128
vn 0.2864 0.8099 -0.5119
vn 0.2343 0.3026 0.9239
vn -0.9237 0.2930 0.2469
vn -0.6640 -0.0441 -0.7464
vn 0.4353 0.8159 -0.3806
vn 0.6825 0.7282 0.0625
vn -0.9639 0.1188 -0.2382
vn 0.1779 0.9583 -0.2238
vn 0.0280 -0.4775 0.8782
vn -0.7475 0.6640 0.0174
vn 0.4185 -0.8667 -0.2716
vn 0.1850 0.7363 -0.6509
vn 0.1884 0.2178 -0.9576
vn 0.7823 -0.0063 0.6229
vn -0.6659 0.5501 -0.5039
vn -0.4381 -0.4911 0.7529
vn 0.6912 0.2563 0.6757
vn -0.0292 0.8764 -0.4808
vn -0.8506 0.4611 -0.2527
vn -0.7576 -0.1016 -0.6448
vn 0.8089 -0.4398 -0.3902
vn -0.5726 0.2681 -0.7748
vn 0.2680 -0.2785 0.9223
vn 0.4557 0.7020 -0.5473
vn -0.8185 0.4960 -0.2899
vn 0.8989 -0.1769 -0.4008
vn -0.7694 0.5800 0.2676
vn 0.3628 0.6008 -0.7123
vn -0.3888 0.6442 -0.6586
vn -0.3085 -0.6621 0.6830
vn -0.5773 -0.4830 0.6584
vn 0.4109 0.8362 -0.3632
vn 0.7324 0.6727 -0.1048
vn 0.6027 -0.6473 0.4665
vn -0.5605 -0.5575 0.6124
vn -0.3595 -0.0620 0.9311
vn -0.6812 0.7033 0.2032
vn -0.6496 -0.5856 -0.4848
vn -0.2878 -0.3295 -0.8992
vn 0.2821 -0.9581 -0.0493
vn 0.1990 0.9507 0.2377
vn -0.5054 0.7006 0.5037
vn 0.1512 0.1309 0.9798
vn 0.5471 0.8370 -0.0076
vn -0.5703 0.2004 0.7966
vn 0.4921 0.7657 0.4142
vn -0.1288 0.7168 0.6852
vn -0.7151 -0.5633 -0.4139
vn -0.3664 0.4443 0.8175
vn -0.6564 0.7462 -0.1111
vn 0.1630 0.1794 -0.9702
vn -0.7822 0.3974 -0.4798
vn 0.3204 -0.8867 -0.3332
vn -0.4815 0.8316 0.2768
vn 0.6354 -0.4349 0.6381
vn 0.6123 0.3915 0.6869
vn 0.8064 -0.5009 -0.3145
vn 0.0791 0.7748 -0.6273
vn 0.1536 -0.3990 -0.9040
vn -0.2750 -0.4171 0.8663
vn -0.6457 0.3270 0.6901
vn -0.0631 -0.4341 0.8986
vn -0.1161 0.9075 -0.4037
vn 0.7331 -0.4214 -0.5338
vn 0.0351 0.7885 0.6141
vn 0.5191 0.1462 -0.8421
vn 0.7239 0.5558 0.4086
vn 0.9220 0.2954 -0.2505
vn -0.3201 0.8230 0.4693
vn -0.9293 -0.3236 0.1781
vn -0.0251 0.9312 -0.3635
vn -0.5277 -0.6550 0.5407
vn -0.5659 0.6517 0.5051
vn 0.8984 -0.2396 -0.3681
vn -0.2692 -0.8777 0.3966
vn 0.6166 0.3467 0.7068
vn 0.1422 0.9690 0.2022
vn 0.4736 0.8112 -0.3431
vn -0.7579 -0.6505 -0.0499
vn -0.6564 -0.4755 -0.5856
vn -0.7817 -0.3289 0.5299
vn -0.0031 0.8942 -0.4477
vn -0.7919 0.5839 -0.1788
vn -0.6842 -0.3102 0.6601
vn 0.5228 0.7838 -0.3351
vn -0.6741 0.7126 0.1944
vn 0.4086 0.7861 -0.4639
vn -0.5836 0.6978 -0.4154
vn 0.6077 0.5683 0.5547
vn 0.0410 -0.8015 -0.5966
vn -0.6485 0.7612 0.0013
vn 0.6119 0.7306 0.3029
vn -0.3229 0.8140 -0.4828
vn 0.6325 0.7200 0.2855
vn -0.1673 -0.3381 0.9261
vn -0.5399 -0.2636 -0.7994
vn 0.4501 0.6894 -0.5676
vn 0.9451 0.3052 0.1170
vn 0.2628 -0.1403 0.9546
vn 0.9015 0.4298 0.0505
vn 0.2149 0.7685 0.6027
vn -0.6507 -0.1382 -0.7467
vn 0.7994 0.5952 -0.0815
vn 0.1315 -0.5552 -0.8212
vn 0.7773 -0.5436 0.3167
vn -0.9320 0.2402 -0.2714
vn -0.2257 0.4995 0.8364
vn -0.6921 0.6951 -0.1945
vn -0.1017 0.3726 0.9224
vn 0.6108 0.6498 0.4524
vn -0.6593 -0.1800 -0.7300
vn -0.1447 0.4564 0.8779
vn 0.8955 -0.0922 -0.4355
vn -0.7739 -0.0354 0.6324
vn -0.6704 0.7397 -0.0585
vn -0.9970 -0.0238 0.0735
vn 0.3974 0.9011 0.1738
vn 0.2923 -0.5792 0.7610
vn 0.5969 -0.3162 0.7373
vn 0.3602 -0.1528 0.9203
vn -0.8580 -0.3839 0.3412
vn -0.4584 0.6247 0.6322
vn -0.8353 0.2866 0.4691
vn 0.6279 0.7776 0.0333
vn -0.0278 0.9836 0.1784
vn -0.2368 0.9419 0.2380
vn 0.5549 -0.0516 -0.8303
vn -0.7237 0.2924 -0.6251
vn -0.5833 -0.2695 0.7662
vn 0.8767 -0.4809 -0.0090
vn -0.6405 -0.6125 -0.4633
vn -0.6170 0.7868 -0.0148
usemtl bark
f 1/1/1 2/2/1 3/3/1 4/4/1
f 5/5/2 6/6/2 7/7/2 8/8/2
f 9/9/3 10/10/3 11/11/3 12/12/3
f 13/13/4 14/14/4 15/15/4 16/16/4
f 17/17/5 18/18/5 19/19/5 20/20/5
f 21/21/6 22/22/6 23/23/6 24/24/6
f 25/25/7 26/26/7 27/27/7 28/28/7
f 29/29/8 30/30/8 31/31/8 32/32/8
f 33/33/9 34/34/9 35/35/9 36/36/9
f 37/37/10 38/38/10 39/39/10 40/40/10
f 41/41/11 42/42/11 43/43/11 44/44/11
f 45/45/12 46/46/12 47/47/12 48/48/12
f 49/49/13 50/50/13 51/51/13 52/52/13
f 53/53/14 54/54/14 55/55/14 56/56/14
f 57/57/15 58/58/15 59/59/15 60/60/15
f 61/61/16 62/62/16 63/63/16 64/64/16
f 65/65/17 66/66/17 67/67/17 68/68/17
f 69/69/18 70/70/18 71/71/18 72/72/18
f 73/73/19 74/74/19 75/75/19 76/76/19
f 77/77/20 78/78/20 79/79/20 80/80/20
f 81/81/21 82/82/21 83/83/21 84/84/21
f 85/85/22 86/86/22 87/87/22 88/88/22
f 89/89/23 90/90/23 91/91/23 92/92/23
f 93/93/24 94/94/24 95/95/24 96/96/24
f 97/97/25 98/98/25 99/99/25 100/100/25
f 101/101/26 102/102/26 103/103/26 104/104/26
f 105/105/27 106/106/27 107/107/27 108/108/27
f 109/109/28 110/110/28 111/111/28 112/112/28
f 113/113/29 114/114/29 115/115/29 116/116/29
f 117/117/30 118/118/30 119/119/30 120/120/30
f 121/121/31 122/122/31 123/123/31 124/124/31
f 125/125/32 126/126/32 127/127/32 128/128/32
f 129/129/33 130/130/33 131/131/33 132/132/33
f 133/133/34 134/134/34 135/135/34 136/136/34
f 137/137/35 138/138/35 139/139/35 140/140/35
f 141/141/36 142/142/36 143/143/36 144/144/36
f 145/145/37 146/146/37 147/147/37 148/148/37
f 149/149/38 150/150/38 151/151/38 152/152/38
f 153/153/39 154/154/39 155/155/39 156/156/39
f 157/157/40 158/158/40 159/159/40 160/160/40
f 161/161/41 162/162/41 163/163/41 164/164/41
f 165/165/42 166/166/42 167/167/42 168/168/42
f 169/169/43 170/170/43 171/171/43 172/172/43
f 173/173/44 174/174/44 175/175/44 176/176/44
f 177/177/45 178/178/45 179/179/45 180/180/45
f 181/181/46 182/182/46 183/183/46 184/184/46
f 185/185/47 186/186/47 187/187/47 188/188/47
f 189/189/48 190/190/48 191/191/48 192/192/48
f 193/193/49 194/194/49 195/195/49 196/196/49
f 197/197/50 198/198/50 199/199/50 200/200/50
f 201/201/51 202/202/51 203/203/51 204/204/51
f 205/205/52 206/206/52 207/207/52 208/208/52
f 209/209/53 210/210/53 211/211/53 212/212/53
f 213/213/54 214/214/54 215/215/54 216/216/54
f 217/217/55 218/218/55 219/219/55 220/220/55
f 221/221/56 222/222/56 223/223/56 224/224/56
f 225/225/57 226/226/57 227/227/57 228/228/57
f 229/229/58 230/230/58 231/231/58 232/232/58
f 233/233/59 234/234/59 235/235/59 236/236/59
f 237/237/60 238/238/60 239/239/60 240/240/60
f 241/241/61 242/242/61 243/243/61 244/244/61
f 245/245/62 246/246/62 247/247/62 248/248/62
f 249/249/63 250/250/63 251/251/63 252/252/63
f 253/253/64 254/254/64 255/255/64 256/256/64
f 257/257/65 258/258/65 259/259/65 260/260/65
f 261/261/66 262/262/66 263/263/66 264/264/66
f 265/265/67 266/266/67 267/267/67 268/268/67
f 269/269/68 270/270/68 271/271/68 272/272/68
f 273/273/69 274/274/69 275/275/69 276/276/69
f 277/277/70 278/278/70 279/279/70 280/280/70
f 281/281/71 282/282/71 283/283/71 284/284/71
f 285/285/72 286/286/72 287/287/72 288/288/72
f 289/289/73 290/290/73 291/291/73 292/292/73
f 293/293/74 294/294/74 295/295/74 296/296/74
f 297/297/75 298/298/75 299/299/75 300/300/75
f 301/301/76 302/302/76 303/303/76 304/304/76
f 305/305/77 306/306/77 307/307/77 308/308/77
f 309/309/78 310/310/78 311/311/78 312/312/78
f 313/313/79 314/314/79 315/315/79 316/316/79
f 317/317/80 318/318/80 319/319/80 320/320/80
f 321/321/81 322/322/81 323/323/81 324/324/81
f 325/325/82 326/326/82 327/327/82 328/328/82
f 329/329/83 330/330/83 331/331/83 332/332/83
f 333/333/84 334/334/84 335/335/84 336/336/84
f 337/337/85 338/338/85 339/339/85 340/340/85
f 341/341/86 342/342/86 343/343/86 344/344/86
f 345/345/87 346/346/87 347/347/87 348/348/87
f 349/349/88 350/350/88 351/351/88 352/352/88
f 353/353/89 354/354/89 355/355/89 356/356/89
f 357/357/90 358/358/90 359/359/90 360/360/90
f 361/361/91 362/362/91 363/363/91 364/364/91
f 365/365/92 366/366/92 367/367/92 368/368/92
f 369/369/93 370/370/93 371/371/93 372/372/93
f 373/373/94 374/374/94 375/375/94 376/376/94
f 377/377/95 378/378/95 379/379/95 380/380/95
f 381/381/96 382/382/96 383/383/96 384/384/96
f 385/385/97 386/386/97 387/387/97 388/388/97
f 389/389/98 390/390/98 391/391/98 392/392/98
f 393/393/99 394/394/99 395/395/99 396/396/99
f 397/397/100 398/398/100 399/399/100 400/400/100
f 401/401/101 402/402/101 403/403/101 404/404/101
f 405/405/102 406/406/102 407/407/102 408/408/102
f 409/409/103 410/410/103 411/411/103 412/412/103
f 413/413/104 414/414/104 415/415/104 416/416/104
f 417/417/105 418/418/105 419/419/105 420/420/105
f 421/421/106 422/422/106 423/423/106 424/424/106
f 425/425/107 426/426/107 427/427/107 428/428/107
f 429/429/108 430/430/108 431/431/108 432/432/108
f 433/433/109 434/434/109 435/435/109 436/436/109
f 437/437/110 438/438/110 439/439/110 440/440/110
f 441/441/111 442/442/111 443/443/111 444/444/111
f 445/445/112 446/446/112 447/447/112 448/448/112
f 449/449/113 450/450/113 451/451/113 452/452/113
f 453/453/114 454/454/114 455/455/114 456/456/114
f 457/457/115 458/458/115 459/459/115 460/460/115
f 461/461/116 462/462/116 463/463/116 464/464/116
f 465/465/117 466/466/117 467/467/117 468/468/117
f 469/469/118 470/470/118 471/471/118 472/472/118
f 473/473/119 474/474/119 475/475/119 476/476/119
f 477/477/120 478/478/120 479/479/120 480/480/120
f 481/481/121 482/482/121 483/483/121 484/484/121
f 485/485/122 486/486/122 487/487/122 488/488/122
f 489/489/123 490/490/123 491/491/123 492/492/123
f 493/493/124 494/494/124 495/495/124 496/496/124
f 497/497/125 498/498/125 499/499/125 500/500/125
f 501/501/126 502/502/126 503/503/126 504/504/126
f 505/505/127 506/506/127 507/507/127 508/508/127
f 509/509/128 510/510/128 511/511/128 512/512/128
f 513/513/129 514/514/129 515/515/129 516/516/129
f 517/517/130 518/518/130 519/519/130 520/520/130
f 521/521/131 522/522/131 523/523/131 524/524/131
f 525/525/132 526/526/132 527/527/132 528/528/132
f 529/529/133 530/530/133 531/531/133 532/532/133
f 533/533/134 534/534/134 535/535/134 536/536/134
f 537/537/135 538/538/135 539/539/135 540/540/135
f 541/541/136 542/542/136 543/543/136 544/544/136
f 545/545/137 546/546/137 547/547/137 548/548/137
f 549/549/138 550/550/138 551/551/138 552/552/138
f 553/553/139 554/554/139 555/555/139 556/556/139
f 557/557/140 558/558/140 559/559/140 560/560/140
f 561/561/141 562/562/141 563/563/141 564/564/141
f 565/565/142 566/566/142 567/567/142 568/568/142
f 569/569/143 570/570/143 571/571/143 572/572/143
f 573/573/144 574/574/144 575/575/144 576/576/144
f 577/577/145 578/578/145 579/579/145 580/580/145
f 581/581/146 582/582/146 583/583/146 584/584/146
f 585/585/147 586/586/147 587/587/147 588/588/147
f 589/589/148 590/590/148 591/591/148 592/592/148
f 593/593/149 594/594/149 595/595/149 596/596/149
f 597/597/150 598/598/150 599/599/150 600/600/150
f 601/601/151 602/602/151 603/603/151 604/604/151
f 605/605/152 606/606/152 607/607/152 608/608/152
f 609/609/153 610/610/153 611/611/153 612/612/153
f 613/613/154 614/614/154 615/615/154 616/616/154
f 617/617/155 618/618/155 619/619/155 620/620/155
f 621/621/156 622/622/156 623/623/156 624/624/156
f 625/625/157 626/626/157 627/627/157 628/628/157
f 629/629/158 630/630/158 631/631/158 632/632/158
f 633/633/159 634/634/159 635/635/159 636/636/159
f 637/637/160 638/638/160 639/639/160 640/640/160
f 641/641/161 642/642/161 643/643/161 644/644/161
f 645/645/162 646/646/162 647/647/162 648/648/162
f 649/649/163 650/650/163 651/651/163 652/652/163
f 653/653/164 654/654/164 655/655/164 656/656/164
f 657/657/165 658/658/165 659/659/165 660/660/165
f 661/661/166 662/662/166 663/663/166 664/664/166
f 665/665/167 666/666/167 667/667/167 668/668/167
f 669/669/168 670/670/168 671/671/168 672/672/168
f 673/673/169 674/674/169 675/675/169 676/676/169
f 677/677/170 678/678/170 679/679/170 680/680/170
f 681/681/171 682/682/171 683/683/171 684/684/171
f 685/685/172 686/686/172 687/687/172 688/688/172
f 689/689/173 690/690/173 691/691/173 692/692/173
f 693/693/174 694/694/174 695/695/174 696/696/174
f 697/697/175 698/698/175 699/699/175 700/700/175
f 701/701/176 702/702/176 703/703/176 704/704/176
f 705/705/177 706/706/177 707/707/177 708/708/177
f 709/709/178 710/710/178 711/711/178 712/712/178
f 713/713/179 714/714/179 715/715/179 716/716/179
f 717/717/180 718/718/180 719/719/180 720/720/180
f 721/721/181 722/722/181 723/723/181 724/724/181
f 725/725/182 726/726/182 727/727/182 728/728/182
f 729/729/183 730/730/183 731/731/183 732/732/183
f 733/733/184 734/734/184 735/735/184 736/736/184
f 737/737/185 738/738/185 739/739/185 740/740/185
f 741/741/186 742/742/186 743/743/186 744/744/186
f 745/745/187 746/746/187 747/747/187 748/748/187
f 749/749/188 750/750/188 751/751/188 752/752/188
f 753/753/189 754/754/189 755/755/189 756/756/189
f 757/757/190 758/758/190 759/759/190 760/760/190
f 761/761/191 762/762/191 763/763/191 764/764/191
f 765/765/192 766/766/192 767/767/192 768/768/192
f 769/769/193 770/770/193 771/771/193 772/772/193
f 773/773/194 774/774/194 775/775/194 776/776/194
f 777/777/195 778/778/195 779/779/195 780/780/195
f 781/781/196 782/782/196 783/783/196 784/784/196
f 785/785/197 786/786/197 787/787/197 788/788/197
f 789/789/198 790/790/198 791/791/198 792/792/198
f 793/793/199 794/794/199 795/795/199 796/796/199
f 797/797/200 798/798/200 799/799/200 800/800/200
f 801/801/201 802/802/201 803/803/201 804/804/201
f 805/805/202 806/806/202 807/807/202 808/808/202
f 809/809/203 810/810/203 811/811/203 812/812/203
f 813/813/204 814/814/204 815/815/204 816/816/204
f 817/817/205 818/818/205 819/819/205 820/820/205
f 821/821/206 822/822/206 823/823/206 824/824/206
f 825/825/207 826/826/207 827/827/207 828/828/207
f 829/829/208 830/830/208 831/831/208 832/832/208
f 833/833/209 834/834/209 835/835/209 836/836/209
f 837/837/210 838/838/210 839/839/210 840/840/210
f 841/841/211 842/842/211 843/843/211 844/844/211
f 845/845/212 846/846/212 847/847/212 848/848/212
f 849/849/213 850/850/213 851/851/213 852/852/213
f 853/853/214 854/854/214 855/855/214 856/856/214
f 857/857/215 858/858/215 859/859/215 860/860/215
f 861/861/216 862/862/216 863/863/216 864/864/216
f 865/865/217 866/866/217 867/867/217 868/868/217
f 869/869/218 870/870/218 871/871/218 872/872/218
f 873/873/219 874/874/219 875/875/219 876/876/219
f 877/877/220 878/878/220 879/879/220 880/880/220
f 881/881/221 882/882/221 883/883/221 884/884/221
f 885/885/222 886/886/222 887/887/222 888/888/222
f 889/889/223 890/890/223 891/891/223 892/892/223
f 893/893/224 894/894/224 895/895/224 896/896/224
f 897/897/225 898/898/225 899/899/225 900/900/225
f 901/901/226 902/902/226 903/903/226 904/904/226
f 905/905/227 906/906/227 907/907/227 908/908/227
f 909/909/228 910/910/228 911/911/228 912/912/228
f 913/913/229 914/914/229 915/915/229 916/916/229
f 917/917/230 918/918/230 919/919/230 920/920/230
f 921/921/231 922/922/231 923/923/231 924/924/231
f 925/925/232 926/926/232 927/927/232 928/928/232
f 929/929/233 930/930/233 931/931/233 932/932/233
f 933/933/234 934/934/234 935/935/234 936/936/234
f 937/937/235 938/938/235 939/939/235 940/940/235
f 941/941/236 942/942/236 943/943/236 944/944/236
f 945/945/237 946/946/237 947/947/237 948/948/237
f 949/949/238 950/950/238 951/951/238 952/952/238
f 953/953/239 954/954/239 955/955/239 956/956/239
f 957/957/240 958/958/240 959/959/240 960/960/240
f 961/961/241 962/962/241 963/963/241 964/964/241
f 965/965/242 966/966/242 967/967/242 968/968/242
f 969/969/243 970/970/243 971/971/243 972/972/243
f 973/973/244 974/974/244 975/975/244 976/976/244
f 977/977/245 978/978/245 979/979/245 980/980/245
f 981/981/246 982/982/246 983/983/246 984/984/246
f 985/985/247 986/986/247 987/987/247 988/988/247
f 989/989/248 990/990/248 991/991/248 992/992/248
f 993/993/249 994/994/249 995/995/249 996/996/249
f 997/997/250 998/998/250 999/999/250 1000/1000/250
f 1001/1001/251 1002/1002/251 1003/1003/251 1004/1004/251
f 1005/1005/252 1006/1006/252 1007/1007/252 1008/1008/252
f 1009/1009/253 1010/1010/253 1011/1011/253 1012/1012/253
f 1013/1013/254 1014/1014/254 1015/1015/254 1016/1016/254
f 1017/1017/255 1018/1018/255 1019/1019/255 1020/1020/255
f 1021/1021/256 1022/1022/256 1023/1023/256 1024/1024/256
f 1025/1025/257 1026/1026/257 1027/1027/257 1028/1028/257
f 1029/1029/258 1030/1030/258 1031/1031/258 1032/1032/258
f 1033/1033/259 1034/1034/259 1035/1035/259 1036/1036/259
f 1037/1037/260 1038/1038/260 1039/1039/260 1040/1040/260
f 1041/1041/261 1042/1042/261 1043/1043/261 1044/1044/261
f 1045/1045/262 1046/1046/262 1047/1047/262 1048/1048/262
f 1049/1049/263 1050/1050/263 1051/1051/263 1052/1052/263
f 1053/1053/264 1054/1054/264 1055/1055/264 1056/1056/264
f 1057/1057/265 1058/1058/265 1059/1059/265 1060/1060/265
f 1061/1061/266 1062/1062/266 1063/1063/266 1064/1064/266
f 1065/1065/267 1066/1066/267 1067/1067/267 1068/1068/267
f 1069/1069/268 1070/1070/268 1071/1071/268 1072/1072/268
f 1073/1073/269 1074/1074/269 1075/1075/269 1076/1076/269
f 1077/1077/270 1078/1078/270 1079/1079/270 1080/1080/270
f 1081/1081/271 1082/1082/271 1083/1083/271 1084/1084/271
f 1085/1085/272 1086/1086/272 1087/1087/272 1088/1088/272
f 1089/1089/273 1090/1090/273 1091/1091/273 1092/1092/273
f 1093/1093/274 1094/1094/274 1095/1095/274 1096/1096/274
f 1097/1097/275 1098/1098/275 1099/1099/275 1100/1100/275
f 1101/1101/276 1102/1102/276 1103/1103/276 1104/1104/276
f 1105/1105/277 1106/1106/277 1107/1107/277 1108/1108/277
f 1109/1109/278 1110/1110/278 1111/1111/278 1112/1112/278
f 1113/1113/279 1114/1114/279 1115/1115/279 1116/1116/279
f 1117/1117/280 1118/1118/280 1119/1119/280 1120/1120/280
f 1121/1121/281 1122/1122/281 1123/1123/281 1124/1124/281
f 1125/1125/282 1126/1126/282 1127/1127/282 1128/1128/282
f 1129/1129/283 1130/1130/283 1131/1131/283 1132/1132/283
f 1133/1133/284 1134/1134/284 1135/1135/284 1136/1136/284
f 1137/1137/285 1138/1138/285 1139/1139/285 1140/1140/285
f 1141/1141/286 1142/1142/286 1143/1143/286 1144/1144/286
f 1145/1145/287 1146/1146/287 1147/1147/287 1148/1148/287
f 1149/1149/288 1150/1150/288 1151/1151/288 1152/1152/288
f 1153/1153/289 1154/1154/289 1155/1155/289 1156/1156/289
f 1157/1157/290 1158/1158/290 1159/1159/290 1160/1160/290
f 1161/1161/291 1162/1162/291 1163/1163/291 1164/1164/291
f 1165/1165/292 1166/1166/292 1167/1167/292 1168/1168/292
f 1169/1169/293 1170/1170/293 1171/1171/293 1172/1172/293
f 1173/1173/294 1174/1174/294 1175/1175/294 1176/1176/294
f 1177/1177/295 1178/1178/295 1179/1179/295 1180/1180/295
f 1181/1181/296 1182/1182/296 1183/1183/296 1184/1184/296
f 1185/1185/297 1186/1186/297 1187/1187/297 1188/1188/297
f 1189/1189/298 1190/1190/298 1191/1191/298 1192/1192/298
f 1193/1193/299 1194/1194/299 1195/1195/299 1196/1196/299
f 1197/1197/300 1198/1198/300 1199/1199/300 1200/1200/300
f 1201/1201/301 1202/1202/301 1203/1203/301 1204/1204/301
f 1205/1205/302 1206/1206/302 1207/1207/302 1208/1208/302
f 1209/1209/303 1210/1210/303 1211/1211/303 1212/1212/303
f 1213/1213/304 1214/1214/304 1215/1215/304 1216/1216/304
f 1217/1217/305 1218/1218/305 1219/1219/305 1220/1220/305
f 1221/1221/306 1222/1222/306 1223/1223/306 1224/1224/306
f 1225/1225/307 1226/1226/307 1227/1227/307 1228/1228/307
f 1229/1229/308 1230/1230/308 1231/1231/308 1232/1232/308
f 1233/1233/309 1234/1234/309 1235/1235/309 1236/1236/309
f 1237/1237/310 1238/1238/310 1239/1239/310 1240/1240/310
f 1241/1241/311 1242/1242/311 1243/1243/311 1244/1244/311
f 1245/1245/312 1246/1246/312 1247/1247/312 1248/1248/312
f 1249/1249/313 1250/1250/313 1251/1251/313 1252/1252/313
f 1253/1253/314 1254/1254/314 1255/1255/314 1256/1256/314
f 1257/1257/315 1258/1258/315 1259/1259/315 1260/1260/315
f 1261/1261/316 1262/1262/316 1263/1263/316 1264/1264/316
f 1265/1265/317 1266/1266/317 1267/1267/317 1268/1268/317
f 1269/1269/318 1270/1270/318 1271/1271/318 1272/1272/318
f 1273/1273/319 1274/1274/319 1275/1275/319 1276/1276/319
f 1277/1277/320 1278/1278/320 1279/1279/320 1280/1280/320
f 1281/1281/321 1282/1282/321 1283/1283/321 1284/1284/321
f 1285/1285/322 1286/1286/322 1287/1287/322 1288/1288/322
f 1289/1289/323 1290/1290/323 1291/1291/323 1292/1292/323
f 1293/1293/324 1294/1294/324 1295/1295/324 1296/1296/324
f 1297/1297/325 1298/1298/325 1299/1299/325 1300/1300/325
f 1301/1301/326 1302/1302/326 1303/1303/326 1304/1304/326
f 1305/1305/327 1306/1306/327 1307/1307/327 1308/1308/327
f 1309/1309/328 1310/1310/328 1311/1311/328 1312/1312/328
f 1313/1313/329 1314/1314/329 1315/1315/329 1316/1316/329
f 1317/1317/330 1318/1318/330 1319/1319/330 1320/1320/330
f 1321/1321/331 1322/1322/331 1323/1323/331 1324/1324/331
f 1325/1325/332 1326/1326/332 1327/1327/332 1328/1328/332
f 1329/1329/333 1330/1330/333 1331/1331/333 1332/1332/333
f 1333/1333/334 1334/1334/334 1335/1335/334 1336/1336/334
f 1337/1337/335 1338/1338/335 1339/1339/335 1340/1340/335
f 1341/1341/336 1342/1342/336 1343/1343/336 1344/1344/336
f 1345/1345/337 1346/1346/337 1347/1347/337 1348/1348/337
f 1349/1349/338 1350/1350/338 1351/1351/338 1352/1352/338
f 1353/1353/339 1354/1354/339 1355/1355/339 1356/1356/339
f 1357/1357/340 1358/1358/340 1359/1359/340 1360/1360/340
f 1361/1361/341 1362/1362/341 1363/1363/341 1364/1364/341
f 1365/1365/342 1366/1366/342 1367/1367/342 1368/1368/342
f 1369/1369/343 1370/1370/343 1371/1371/343 1372/1372/343
f 1373/1373/344 1374/1374/344 1375/1375/344 1376/1376/344
f 1377/1377/345 1378/1378/345 1379/1379/345 1380/1380/345
f 1381/1381/346 1382/1382/346 1383/1383/346 1384/1384/346
f 1385/1385/347 1386/1386/347 1387/1387/347 1388/1388/347
f 1389/1389/348 1390/1390/348 1391/1391/348 1392/1392/348
f 1393/1393/349 1394/1394/349 1395/1395/349 1396/1396/349
f 1397/1397/350 1398/1398/350 1399/1399/350 1400/1400/350
f 1401/1401/351 1402/1402/351 1403/1403/351 1404/1404/351
f 1405/1405/352 1406/1406/352 1407/1407/352 1408/1408/352
f 1409/1409/353 1410/1410/353 1411/1411/353 1412/1412/353
f 1413/1413/354 1414/1414/354 1415/1415/354 1416/1416/354
f 1417/1417/355 1418/1418/355 1419/1419/355 1420/1420/355
f 1421/1421/356 1422/1422/356 1423/1423/356 1424/1424/356
f 1425/1425/357 1426/1426/357 1427/1427/357 1428/1428/357
f 1429/1429/358 1430/1430/358 1431/1431/358 1432/1432/358
usemtl leaf
f 1433/1433/359 1434/1434/359 1435/1435/359 1436/1436/359
f 1437/1437/360 1438/1438/360 1439/1439/360 1440/1440/360
f 1441/1441/361 1442/1442/361 1443/1443/361 1444/1444/361
f 1445/1445/362 1446/1446/362 1447/1447/362 1448/1448/362
f 1449/1449/363 1450/1450/363 1451/1451/363 1452/1452/363
f 1453/1453/364 1454/1454/364 1455/1455/364 1456/1456/364
f 1457/1457/365 1458/1458/365 1459/1459/365 1460/1460/365
f 1461/1461/366 1462/1462/366 1463/1463/366 1464/1464/366
f 1465/1465/367 1466/1466/367 1467/1467/367 1468/1468/367
f 1469/1469/368 1470/1470/368 1471/1471/368 1472/1472/368
f 1473/1473/369 1474/1474/369 1475/1475/369 1476/1476/369
f 1477/1477/370 1478/1478/370 1479/1479/370 1480/1480/370
f 1481/1481/371 1482/1482/371 1483/1483/371 1484/1484/371
f 1485/1485/372 1486/1486/372 1487/1487/372 1488/1488/372
f 1489/1489/373 1490/1490/373 1491/1491/373 1492/1492/373
f 1493/1493/374 1494/1494/374 1495/1495/374 1496/1496/374
f 1497/1497/375 1498/1498/375 1499/1499/375 1500/1500/375
f 1501/1501/376 1502/1502/376 1503/1503/376 1504/1504/376
f 1505/1505/377 1506/1506/377 1507/1507/377 1508/1508/377
f 1509/1509/378 1510/1510/378 1511/1511/378 1512/1512/378
f 1513/1513/379 1514/1514/379 1515/1515/379 1516/1516/379
f 1517/1517/380 1518/1518/380 1519/1519/380 1520/1520/380
f 1521/1521/381 1522/1522/381 1523/1523/381 1524/1524/381
f 1525/1525/382 1526/1526/382 1527/1527/382 1528/1528/382
f 1529/1529/383 1530/1530/383 1531/1531/383 1532/1532/383
f 1533/1533/384 1534/1534/384 1535/1535/384 1536/1536/384
f 1537/1537/385 1538/1538/385 1539/1539/385 1540/1540/385
f 1541/1541/386 1542/1542/386 1543/1543/386 1544/1544/386
f 1545/1545/387 1546/1546/387 1547/1547/387 1548/1548/387
f 1549/1549/388 1550/1550/388 1551/1551/388 1552/1552/388
f 1553/1553/389 1554/1554/389 1555/1555/389 1556/1556/389
f 1557/1557/390 1558/1558/390 1559/1559/390 1560/1560/390
f 1561/1561/391 1562/1562/391 1563/1563/391 1564/1564/391
f 1565/1565/392 1566/1566/392 1567/1567/392 1568/1568/392
f 1569/1569/393 1570/1570/393 1571/1571/393 1572/1572/393
f 1573/1573/394 1574/1574/394 1575/1575/394 1576/1576/394
f 1577/1577/395 1578/1578/395 1579/1579/395 1580/1580/395
f 1581/1581/396 1582/1582/396 1583/1583/396 1584/1584/396
f 1585/1585/397 1586/1586/397 1587/1587/397 1588/1588/397
f 1589/1589/398 1590/1590/398 1591/1591/398 1592/1592/398
f 1593/1593/399 1594/1594/399 1595/1595/399 1596/1596/399
f 1597/1597/400 1598/1598/400 1599/1599/400 1600/1600/400
f 1601/1601/401 1602/1602/401 1603/1603/401 1604/1604/401
f 1605/1605/402 1606/1606/402 1607/1607/402 1608/1608/402
f 1609/1609/403 1610/1610/403 1611/1611/403 1612/1612/403
f 1613/1613/404 1614/1614/404 1615/1615/404 1616/1616/404
f 1617/1617/405 1618/1618/405 1619/1619/405 1620/1620/405
f 1621/1621/406 1622/1622/406 1623/1623/406 1624/1624/406
f 1625/1625/407 1626/1626/407 1627/1627/407 1628/1628/407
f 1629/1629/408 1630/1630/408 1631/1631/408 1632/1632/408
f 1633/1633/409 1634/1634/409 1635/1635/409 1636/1636/409
f 1637/1637/410 1638/1638/410 1639/1639/410 1640/1640/410
f 1641/1641/411 1642/1642/411 1643/1643/411 1644/1644/411
f 1645/1645/412 1646/1646/412 1647/1647/412 1648/1648/412
f 1649/1649/413 1650/1650/413 1651/1651/413 1652/1652/413
f 1653/1653/414 1654/1654/414 1655/1655/414 1656/1656/414
f 1657/1657/415 1658/1658/415 1659/1659/415 1660/1660/415
f 1661/1661/416 1662/1662/416 1663/1663/416 1664/1664/416
f 1665/1665/417 1666/1666/417 1667/1667/417 1668/1668/417
f 1669/1669/418 1670/1670/418 1671/1671/418 1672/1672/418
f 1673/1673/419 1674/1674/419 1675/1675/419 1676/1676/419
f 1677/1677/420 1678/1678/420 1679/1679/420 1680/1680/420
f 1681/1681/421 1682/1682/421 1683/1683/421 1684/1684/421
f 1685/1685/422 1686/1686/422 1687/1687/422 1688/1688/422
f 1689/1689/423 1690/1690/423 1691/1691/423 1692/1692/423
f 1693/1693/424 1694/1694/424 1695/1695/424 1696/1696/424
f 1697/1697/425 1698/1698/425 1699/1699/425 1700/1700/425
f 1701/1701/426 1702/1702/426 1703/1703/426 1704/1704/426
f 1705/1705/427 1706/1706/427 1707/1707/427 1708/1708/427
f 1709/1709/428 1710/1710/428 1711/1711/428 1712/1712/428
f 1713/1713/429 1714/1714/429 1715/1715/429 1716/1716/429
f 1717/1717/430 1718/1718/430 1719/1719/430 1720/1720/430
f 1721/1721/431 1722/1722/431 1723/1723/431 1724/1724/431
f 1725/1725/432 1726/1726/432 1727/1727/432 1728/1728/432
f 1729/1729/433 1730/1730/433 1731/1731/433 1732/1732/433
f 1733/1733/434 1734/1734/434 1735/1735/434 1736/1736/434
f 1737/1737/435 1738/1738/435 1739/1739/435 1740/1740/435
f 1741/1741/436 1742/1742/436 1743/1743/436 1744/1744/436
f 1745/1745/437 1746/1746/437 1747/1747/437 1748/1748/437
f 1749/1749/438 1750/1750/438 1751/1751/438 1752/1752/438
f 1753/1753/439 1754/1754/439 1755/1755/439 1756/1756/439
f 1757/1757/440 1758/1758/440 1759/1759/440 1760/1760/440
f 1761/1761/441 1762/1762/441 1763/1763/441 1764/1764/441
f 1765/1765/442 1766/1766/442 1767/1767/442 1768/1768/442
f 1769/1769/443 1770/1770/443 1771/1771/443 1772/1772/443
f 1773/1773/444 1774/1774/444 1775/1775/444 1776/1776/444
f 1777/1777/445 1778/1778/445 1779/1779/445 1780/1780/445
f 1781/1781/446 1782/1782/446 1783/1783/446 1784/1784/446
f 1785/1785/447 1786/1786/447 1787/1787/447 1788/1788/447
f 1789/1789/448 1790/1790/448 1791/1791/448 1792/1792/448
f 1793/1793/449 1794/1794/449 1795/1795/449 1796/1796/449
f 1797/1797/450 1798/1798/450 1799/1799/450 1800/1800/450
f 1801/1801/451 1802/1802/451 1803/1803/451 1804/1804/451
f 1805/1805/452 1806/1806/452 1807/1807/452 1808/1808/452
f 1809/1809/453 1810/1810/453 1811/1811/453 1812/1812/453
f 1813/1813/454 1814/1814/454 1815/1815/454 1816/1816/454
f 1817/1817/455 1818/1818/455 1819/1819/455 1820/1820/455
f 1821/1821/456 1822/1822/456 1823/1823/456 1824/1824/456
f 1825/1825/457 1826/1826/457 1827/1827/457 1828/1828/457
f 1829/1829/458 1830/1830/458 1831/1831/458 1832/1832/458
f 1833/1833/459 1834/1834/459 1835/1835/459 1836/1836/459
f 1837/1837/460 1838/1838/460 1839/1839/460 1840/1840/460
f 1841/1841/461 1842/1842/461 1843/1843/461 1844/1844/461
f 1845/1845/462 1846/1846/462 1847/1847/462 1848/1848/462
f 1849/1849/463 1850/1850/463 1851/1851/463 1852/1852/463
f 1853/1853/464 1854/1854/464 1855/1855/464 1856/1856/464
f 1857/1857/465 1858/1858/465 1859/1859/465 1860/1860/465
f 1861/1861/466 1862/1862/466 1863/1863/466 1864/1864/466
f 1865/1865/467 1866/1866/467 1867/1867/467 1868/1868/467
f 1869/1869/468 1870/1870/468 1871/1871/468 1872/1872/468
f 1873/1873/469 1874/1874/469 1875/1875/469 1876/1876/469
f 1877/1877/470 1878/1878/470 1879/1879/470 1880/1880/470
f 1881/1881/471 1882/1882/471 1883/1883/471 1884/1884/471
f 1885/1885/472 1886/1886/472 1887/1887/472 1888/1888/472
f 1889/1889/473 1890/1890/473 1891/1891/473 1892/1892/473
f 1893/1893/474 1894/1894/474 1895/1895/474 1896/1896/474
f 1897/1897/475 1898/1898/475 1899/1899/475 1900/1900/475
f 1901/1901/476 1902/1902/476 1903/1903/476 1904/1904/476
f 1905/1905/477 1906/1906/477 1907/1907/477 1908/1908/477
f 1909/1909/478 1910/1910/478 1911/1911/478 1912/1912/478
f 1913/1913/479 1914/1914/479 1915/1915/479 1916/1916/479
f 1917/1917/480 1918/1918/480 1919/1919/480 1920/1920/480
f 1921/1921/481 1922/1922/481 1923/1923/481 1924/1924/481
f 1925/1925/482 1926/1926/482 1927/1927/482 1928/1928/482
f 1929/1929/483 1930/1930/483 1931/1931/483 1932/1932/483
f 1933/1933/484 1934/1934/484 1935/1935/484 1936/1936/484
f 1937/1937/485 1938/1938/485 1939/1939/485 1940/1940/485
f 1941/1941/486 1942/1942/486 1943/1943/486 1944/1944/486
f 1945/1945/487 1946/1946/487 1947/1947/487 1948/1948/487
f 1949/1949/488 1950/1950/488 1951/1951/488 1952/1952/488
f 1953/1953/489 1954/1954/489 1955/1955/489 1956/1956/489
f 1957/1957/490 1958/1958/490 1959/1959/490 1960/1960/490
f 1961/1961/491 1962/1962/491 1963/1963/491 1964/1964/491
f 1965/1965/492 1966/1966/492 1967/1967/492 1968/1968/492
f 1969/1969/493 1970/1970/493 1971/1971/493 1972/1972/493
f 1973/1973/494 1974/1974/494 1975/1975/494 1976/1976/494
f 1977/1977/495 1978/1978/495 1979/1979/495 1980/1980/495
f 1981/1981/496 1982/1982/496 1983/1983/496 1984/1984/496
f 1985/1985/497 1986/1986/497 1987/1987/497 1988/1988/497
f 1989/1989/498 1990/1990/498 1991/1991/498 1992/1992/498
f 1993/1993/499 1994/1994/499 1995/1995/499 1996/1996/499
f 1997/1997/500 1998/1998/500 1999/1999/500 2000/2000/500
f 2001/2001/501 2002/2002/501 2003/2003/501 2004/2004/501
f 2005/2005/502 2006/2006/502 2007/2007/502 2008/2008/502
f 2009/2009/503 2010/2010/503 2011/2011/503 2012/2012/503
f 2013/2013/504 2014/2014/504 2015/2015/504 2016/2016/504
f 2017/2017/505 2018/2018/505 2019/2019/505 2020/2020/505
f 2021/2021/506 2022/2022/506 2023/2023/506 2024/2024/506
f 2025/2025/507 2026/2026/507 2027/2027/507 2028/2028/507
f 2029/2029/508 2030/2030/508 2031/2031/508 2032/2032/508
f 2033/2033/509 2034/2034/509 2035/2035/509 2036/2036/509
f 2037/2037/510 2038/2038/510 2039/2039/510 2040/2040/510
f 2041/2041/511 2042/2042/511 2043/2043/511 2044/2044/511
f 2045/2045/512 2046/2046/512 2047/2047/512 2048/2048/512
f 2049/2049/513 2050/2050/513 2051/2051/513 2052/2052/513
f 2053/2053/514 2054/2054/514 2055/2055/514 2056/2056/514
f 2057/2057/515 2058/2058/515 2059/2059/515 2060/2060/515
f 2061/2061/516 2062/2062/516 2063/2063/516 2064/2064/516
f 2065/2065/517 2066/2066/517 2067/2067/517 2068/2068/517
f 2069/2069/518 2070/2070/518 2071/2071/518 2072/2072/518
f 2073/2073/519 2074/2074/519 2075/2075/519 2076/2076/519
f 2077/2077/520 2078/2078/520 2079/2079/520 2080/2080/520
f 2081/2081/521 2082/2082/521 2083/2083/521 2084/2084/521
f 2085/2085/522 2086/2086/522 2087/2087/522 2088/2088/522
f 2089/2089/523 2090/2090/523 2091/2091/523 2092/2092/523
f 2093/2093/524 2094/2094/524 2095/2095/524 2096/2096/524
f 2097/2097/525 2098/2098/525 2099/2099/525 2100/2100/525
f 2101/2101/526 2102/2102/526 2103/2103/526 2104/2104/526
f 2105/2105/527 2106/2106/527 2107/2107/527 2108/2108/527
f 2109/2109/528 2110/2110/528 2111/2111/528 2112/2112/528
f 2113/2113/529 2114/2114/529 2115/2115/529 2116/2116/529
f 2117/2117/530 2118/2118/530 2119/2119/530 2120/2120/530
f 2121/2121/531 2122/2122/531 2123/2123/531 2124/2124/531
f 2125/2125/532 2126/2126/532 2127/2127/532 2128/2128/532
f 2129/2129/533 2130/2130/533 2131/2131/533 2132/2132/533
f 2133/2133/534 2134/2134/534 2135/2135/534 2136/2136/534
f 2137/2137/535 2138/2138/535 2139/2139/535 2140/2140/535
f 2141/2141/536 2142/2142/536 2143/2143/536 2144/2144/536
f 2145/2145/537 2146/2146/537 2147/2147/537 2148/2148/537
f 2149/2149/538 2150/2150/538 2151/2151/538 2152/2152/538
f 2153/2153/539 2154/2154/539 2155/2155/539 2156/2156/539
f 2157/2157/540 2158/2158/540 2159/2159/540 2160/2160/540
f 2161/2161/541 2162/2162/541 2163/2163/541 2164/2164/541
f 2165/2165/542 2166/2166/542 2167/2167/542 2168/2168/542
f 2169/2169/543 2170/2170/543 2171/2171/543 2172/2172/543
f 2173/2173/544 2174/2174/544 2175/2175/544 2176/2176/544
f 2177/2177/545 2178/2178/545 2179/2179/545 2180/2180/545
f 2181/2181/546 2182/2182/546 2183/2183/546 2184/2184/546
f 2185/2185/547 2186/2186/547 2187/2187/547 2188/2188/547
f 2189/2189/548 2190/2190/548 2191/2191/548 2192/2192/548
f 2193/2193/549 2194/2194/549 2195/2195/549 2196/2196/549
f 2197/2197/550 2198/2198/550 2199/2199/550 2200/2200/550
f 2201/2201/551 2202/2202/551 2203/2203/551 2204/2204/551
f 2205/2205/552 2206/2206/552 2207/2207/552 2208/2208/552
f 2209/2209/553 2210/2210/553 2211/2211/553 2212/2212/553
f 2213/2213/554 2214/2214/554 2215/2215/554 2216/2216/554
f 2217/2217/555 2218/2218/555 2219/2219/555 2220/2220/555
f 2221/2221/556 2222/2222/556 2223/2223/556 2224/2224/556
f 2225/2225/557 2226/2226/557 2227/2227/557 2228/2228/557
f 2229/2229/558 2230/2230/558 2231/2231/558 2232/2232/558
f 2233/2233/559 2234/2234/559 2235/2235/559 2236/2236/559
f 2237/2237/560 2238/2238/560 2239/2239/560 2240/2240/560
f 2241/2241/561 2242/2242/561 2243/2243/561 2244/2244/561
f 2245/2245/562 2246/2246/562 2247/2247/562 2248/2248/562
f 2249/2249/563 2250/2250/563 2251/2251/563 2252/2252/563
f 2253/2253/564 2254/2254/564 2255/2255/564 2256/2256/564
f 2257/2257/565 2258/2258/565 2259/2259/565 2260/2260/565
f 2261/2261/566 2262/2262/566 2263/2263/566 2264/2264/566
f 2265/2265/567 2266/2266/567 2267/2267/567 2268/2268/567
f 2269/2269/568 2270/2270/568 2271/2271/568 2272/2272/568
f 2273/2273/569 2274/2274/569 2275/2275/569 2276/2276/569
f 2277/2277/570 2278/2278/570 2279/2279/570 2280/2280/570
f 2281/2281/571 2282/2282/571 2283/2283/571 2284/2284/571
f 2285/2285/572 2286/2286/572 2287/2287/572 2288/2288/572
f 2289/2289/573 2290/2290/573 2291/2291/573 2292/2292/573
f 2293/2293/574 2294/2294/574 2295/2295/574 2296/2296/574
f 2297/2297/575 2298/2298/575 2299/2299/575 2300/2300/575
f 2301/2301/576 2302/2302/576 2303/2303/576 2304/2304/576
f 2305/2305/577 2306/2306/577 2307/2307/577 2308/2308/577
f 2309/2309/578 2310/2310/578 2311/2311/578 2312/2312/578
f 2313/2313/579 2314/2314/579 2315/2315/579 2316/2316/579
f 2317/2317/580 2318/2318/580 2319/2319/580 2320/2320/580
f 2321/2321/581 2322/2322/581 2323/2323/581 2324/2324/581
f 2325/2325/582 2326/2326/582 2327/2327/582 2328/2328/582
f 2329/2329/583 2330/2330/583 2331/2331/583 2332/2332/583
f 2333/2333/584 2334/2334/584 2335/2335/584 2336/2336/584
f 2337/2337/585 2338/2338/585 2339/2339/585 2340/2340/585
f 2341/2341/586 2342/2342/586 2343/2343/586 2344/2344/586
f 2345/2345/587 2346/2346/587 2347/2347/587 2348/2348/587
f 2349/2349/588 2350/2350/588 2351/2351/588 2352/2352/588
f 2353/2353/589 2354/2354/589 2355/2355/589 2356/2356/589
f 2357/2357/590 2358/2358/590 2359/2359/590 2360/2360/590
f 2361/2361/591 2362/2362/591 2363/2363/591 2364/2364/591
f 2365/2365/592 2366/2366/592 2367/2367/592 2368/2368/592
f 2369/2369/593 2370/2370/593 2371/2371/593 2372/2372/593
f 2373/2373/594 2374/2374/594 2375/2375/594 2376/2376/594
f 2377/2377/595 2378/2378/595 2379/2379/595 2380/2380/595
f 2381/2381/596 2382/2382/596 2383/2383/596 2384/2384/596
f 2385/2385/597 2386/2386/597 2387/2387/597 2388/2388/597
f 2389/2389/598 2390/2390/598 2391/2391/598 2392/2392/598
f 2393/2393/599 2394/2394/599 2395/2395/599 2396/2396/599
f 2397/2397/600 2398/2398/600 2399/2399/600 2400/2400/600
f 2401/2401/601 2402/2402/601 2403/2403/601 2404/2404/601
f 2405/2405/602 2406/2406/602 2407/2407/602 2408/2408/602
f 2409/2409/603 2410/2410/603 2411/2411/603 2412/2412/603
f 2413/2413/604 2414/2414/604 2415/2415/604 2416/2416/604
f 2417/2417/605 2418/2418/605 2419/2419/605 2420/2420/605
f 2421/2421/606 2422/2422/606 2423/2423/606 2424/2424/606
f 2425/2425/607 2426/2426/607 2427/2427/607 2428/2428/607
f 2429/2429/608 2430/2430/608 2431/2431/608 2432/2432/608
f 2433/2433/609 2434/2434/609 2435/2435/609 2436/2436/609
f 2437/2437/610 2438/2438/610 2439/2439/610 2440/2440/610
f 2441/2441/611 2442/2442/611 2443/2443/611 2444/2444/611
f 2445/2445/612 2446/2446/612 2447/2447/612 2448/2448/612
f 2449/2449/613 2450/2450/613 2451/2451/613 2452/2452/613
f 2453/2453/614 2454/2454/614 2455/2455/614 2456/2456/614
f 2457/2457/615 2458/2458/615 2459/2459/615 2460/2460/615
f 2461/2461/616 2462/2462/616 2463/2463/616 2464/2464/616
f 2465/2465/617 2466/2466/617 2467/2467/617 2468/2468/617
f 2469/2469/618 2470/2470/618 2471/2471/618 2472/2472/618
f 2473/2473/619 2474/2474/619 2475/2475/619 2476/2476/619
f 2477/2477/620 2478/2478/620 2479/2479/620 2480/2480/620
f 2481/2481/621 2482/2482/621 2483/2483/621 2484/2484/621
f 2485/2485/622 2486/2486/622 2487/2487/622 2488/2488/622
f 2489/2489/623 2490/2490/623 2491/2491/623 2492/2492/623
f 2493/2493/624 2494/2494/624 2495/2495/624 2496/2496/624
f 2497/2497/625 2498/2498/625 2499/2499/625 2500/2500/625
f 2501/2501/626 2502/2502/626 2503/2503/626 2504/2504/626
f 2505/2505/627 2506/2506/627 2507/2507/627 2508/2508/627
f 2509/2509/628 2510/2510/628 2511/2511/628 2512/2512/628
f 2513/2513/629 2514/2514/629 2515/2515/629 2516/2516/629
f 2517/2517/630 2518/2518/630 2519/2519/630 2520/2520/630
f 2521/2521/631 2522/2522/631 2523/2523/631 2524/2524/631
f 2525/2525/632 2526/2526/632 2527/2527/632 2528/2528/632
f 2529/2529/633 2530/2530/633 2531/2531/633 2532/2532/633
f 2533/2533/634 2534/2534/634 2535/2535/634 2536/2536/634
f 2537/2537/635 2538/2538/635 2539/2539/635 2540/2540/635
f 2541/2541/636 2542/2542/636 2543/2543/636 2544/2544/636
f 2545/2545/637 2546/2546/637 2547/2547/637 2548/2548/637
f 2549/2549/638 2550/2550/638 2551/2551/638 2552/2552/638
f 2553/2553/639 2554/2554/639 2555/2555/639 2556/2556/639
f 2557/2557/640 2558/2558/640 2559/2559/640 2560/2560/640
f 2561/2561/641 2562/2562/641 2563/2563/641 2564/2564/641
f 2565/2565/642 2566/2566/642 2567/2567/642 2568/2568/642
f 2569/2569/643 2570/2570/643 2571/2571/643 2572/2572/643
f 2573/2573/644 2574/2574/644 2575/2575/644 2576/2576/644
f 2577/2577/645 2578/2578/645 2579/2579/645 2580/2580/645
f 2581/2581/646 2582/2582/646 2583/2583/646 2584/2584/646
f 2585/2585/647 2586/2586/647 2587/2587/647 2588/2588/647
f 2589/2589/648 2590/2590/648 2591/2591/648 2592/2592/648
f 2593/2593/649 2594/2594/649 2595/2595/649 2596/2596/649
f 2597/2597/650 2598/2598/650 2599/2599/650 2600/2600/650
f 2601/2601/651 2602/2602/651 2603/2603/651 2604/2604/651
f 2605/2605/652 2606/2606/652 2607/2607/652 2608/2608/652
f 2609/2609/653 2610/2610/653 2611/2611/653 2612/2612/653
f 2613/2613/654 2614/2614/654 2615/2615/654 2616/2616/654
f 2617/2617/655 2618/2618/655 2619/2619/655 2620/2620/655
f 2621/2621/656 2622/2622/656 2623/2623/656 2624/2624/656
f 2625/2625/657 2626/2626/657 2627/2627/657 2628/2628/657
f 2629/2629/658 2630/2630/658 2631/2631/658 2632/2632/658
f 2633/2633/659 2634/2634/659 2635/2635/659 2636/2636/659
f 2637/2637/660 2638/2638/660 2639/2639/660 2640/2640/660
f 2641/2641/661 2642/2642/661 2643/2643/661 2644/2644/661
f 2645/2645/662 2646/2646/662 2647/2647/662 2648/2648/662
f 2649/2649/663 2650/2650/663 2651/2651/663 2652/2652/663
f 2653/2653/664 2654/2654/664 2655/2655/664 2656/2656/664
f 2657/2657/665 2658/2658/665 2659/2659/665 2660/2660/665
f 2661/2661/666 2662/2662/666 2663/2663/666 2664/2664/666
f 2665/2665/667 2666/2666/667 2667/2667/667 2668/2668/667
f 2669/2669/668 2670/2670/668 2671/2671/668 2672/2672/668
f 2673/2673/669 2674/2674/669 2675/2675/669 2676/2676/669
f 2677/2677/670 2678/2678/670 2679/2679/670 2680/2680/670
f 2681/2681/671 2682/2682/671 2683/2683/671 2684/2684/671
f 2685/2685/672 2686/2686/672 2687/2687/672 2688/2688/672
f 2689/2689/673 2690/2690/673 2691/2691/673 2692/2692/673
